variable,descripcion,archivos_presentes
agno,Año del la evaluación,"idps_2m_2016_idps2m, idps_2m_2017_idps2m, idps_2m_2018_idps2m, idps_2m_2022_dim_idps2m, idps_2m_2022_idps2m, idps_2m_2023_dim_idps2m, idps_2m_2023_idps2m, idps_2m_2023_idps2m_niveles_final, idps_2m_2024_dim_idps, idps_2m_2024_idps, idps_2m_2024_idps_niveles, idps_2m_2025_dim_idps, idps_2m_2025_idps, idps_2m_2025_idps_niveles, idps_4b_2016_idps4b, idps_4b_2017_idps4b, idps_4b_2018_idps4b, idps_4b_2022_dim_idps4b, idps_4b_2022_idps4b, idps_4b_2023_dim_idps4b, idps_4b_2023_idps4b, idps_4b_2023_idps4b_niveles_final, idps_4b_2024_dim_idps, idps_4b_2024_idps, idps_4b_2024_idps_niveles, idps_4b_2025_dim_idps, idps_4b_2025_idps, idps_4b_2025_idps_niveles, idps_6b_2016_idps6b, idps_6b_2018_idps6b, idps_6b_2024_dim_idps, idps_6b_2024_idps, idps_6b_2024_idps_niveles, idps_8b_2017_idps8b, idps_8b_2019_idps8b, idps_8b_2025_dim_idps, idps_8b_2025_idps, idps_8b_2025_idps_niveles, simce_2m_2016__comuna, simce_2m_2016__deprov, simce_2m_2016__rbd, simce_2m_2016__region, simce_2m_2017_comuna, simce_2m_2017_deprov, simce_2m_2017_rbd, simce_2m_2017_región, simce_2m_2018_comuna, simce_2m_2018_deprov, simce_2m_2018_rbd, simce_2m_2018_región, simce_2m_2022__comuna, simce_2m_2022__deprov, simce_2m_2022__rbd, simce_2m_2022__region, simce_2m_2023__comuna, simce_2m_2023__deprov, simce_2m_2023__rbd, simce_2m_2023__region, simce_2m_2024__comuna, simce_2m_2024__deprov, simce_2m_2024__rbd, simce_2m_2024__region, simce_2m_2025__comuna, simce_2m_2025__deprov, simce_2m_2025__rbd, simce_2m_2025__region, simce_4b_2016__comuna, simce_4b_2016__deprov, simce_4b_2016__rbd, simce_4b_2016__region, simce_4b_2017_comuna, simce_4b_2017_deprov, simce_4b_2017_rbd, simce_4b_2017_region, simce_4b_2018_comuna, simce_4b_2018_deprov, simce_4b_2018_rbd, simce_4b_2018_región, simce_4b_2022__comuna, simce_4b_2022__deprov, simce_4b_2022__rbd, simce_4b_2022__region, simce_4b_2023__comuna, simce_4b_2023__deprov, simce_4b_2023__rbd, simce_4b_2023__region, simce_4b_2024__comuna, simce_4b_2024__deprov, simce_4b_2024__rbd, simce_4b_2024__region, simce_4b_2025__comuna, simce_4b_2025__deprov, simce_4b_2025__rbd, simce_4b_2025__region, simce_6b_2016__comuna, simce_6b_2016__deprov, simce_6b_2016__rbd, simce_6b_2016__region, simce_6b_2018_comuna, simce_6b_2018_deprov, simce_6b_2018_rbd, simce_6b_2018_region, simce_6b_2018_región, simce_6b_2024__comuna, simce_6b_2024__deprov, simce_6b_2024__rbd, simce_6b_2024__region, simce_8b_2017_comuna, simce_8b_2017_deprov, simce_8b_2017_rbd, simce_8b_2017_region, simce_8b_2025__comuna, simce_8b_2025__deprov, simce_8b_2025__rbd, simce_8b_2025__region"
cod_com,Código de comuna año 2016,"simce_2m_2016__comuna, simce_2m_2017_comuna, simce_2m_2018_comuna, simce_2m_2022__comuna, simce_2m_2023__comuna, simce_2m_2024__comuna, simce_2m_2025__comuna, simce_4b_2016__comuna, simce_4b_2017_comuna, simce_4b_2018_comuna, simce_4b_2022__comuna, simce_4b_2023__comuna, simce_4b_2024__comuna, simce_4b_2025__comuna, simce_6b_2016__comuna, simce_6b_2018_comuna, simce_6b_2024__comuna, simce_8b_2017_comuna, simce_8b_2025__comuna"
cod_com_rbd,Código de comuna del establecimiento año 2016,"idps_2m_2017_idps2m, idps_2m_2018_idps2m, idps_2m_2022_dim_idps2m, idps_2m_2022_idps2m, idps_2m_2023_dim_idps2m, idps_2m_2023_idps2m, idps_2m_2024_dim_idps, idps_2m_2024_idps, idps_2m_2025_dim_idps, idps_2m_2025_idps, idps_4b_2017_idps4b, idps_4b_2018_idps4b, idps_4b_2022_dim_idps4b, idps_4b_2022_idps4b, idps_4b_2023_dim_idps4b, idps_4b_2023_idps4b, idps_4b_2024_dim_idps, idps_4b_2024_idps, idps_4b_2025_dim_idps, idps_4b_2025_idps, idps_6b_2018_idps6b, idps_6b_2024_dim_idps, idps_6b_2024_idps, idps_8b_2017_idps8b, idps_8b_2019_idps8b, idps_8b_2025_dim_idps, idps_8b_2025_idps, simce_2m_2016__rbd, simce_2m_2017_rbd, simce_2m_2018_rbd, simce_2m_2022__rbd, simce_2m_2023__rbd, simce_2m_2024__rbd, simce_2m_2025__rbd, simce_4b_2016__rbd, simce_4b_2017_rbd, simce_4b_2018_rbd, simce_4b_2022__rbd, simce_4b_2023__rbd, simce_4b_2024__rbd, simce_4b_2025__rbd, simce_6b_2016__rbd, simce_6b_2018_rbd, simce_6b_2024__rbd, simce_8b_2017_rbd, simce_8b_2025__rbd"
cod_depe1,Código de dependencia 5 categorías,"simce_2m_2016__rbd, simce_2m_2017_rbd, simce_2m_2018_rbd, simce_2m_2022__rbd, simce_2m_2023__rbd, simce_2m_2024__rbd, simce_2m_2025__rbd, simce_4b_2016__rbd, simce_4b_2017_rbd, simce_4b_2018_rbd, simce_4b_2022__rbd, simce_4b_2023__rbd, simce_4b_2024__rbd, simce_4b_2025__rbd, simce_6b_2016__rbd, simce_6b_2018_rbd, simce_6b_2024__rbd, simce_8b_2017_rbd, simce_8b_2025__rbd"
cod_depe2,Código de dependencia 3 categorías,"idps_2m_2017_idps2m, idps_2m_2018_idps2m, idps_2m_2022_dim_idps2m, idps_2m_2022_idps2m, idps_2m_2023_dim_idps2m, idps_2m_2023_idps2m, idps_2m_2024_dim_idps, idps_2m_2024_idps, idps_2m_2025_dim_idps, idps_2m_2025_idps, idps_4b_2017_idps4b, idps_4b_2018_idps4b, idps_4b_2022_dim_idps4b, idps_4b_2022_idps4b, idps_4b_2023_dim_idps4b, idps_4b_2023_idps4b, idps_4b_2024_dim_idps, idps_4b_2024_idps, idps_4b_2025_dim_idps, idps_4b_2025_idps, idps_6b_2018_idps6b, idps_6b_2024_dim_idps, idps_6b_2024_idps, idps_8b_2017_idps8b, idps_8b_2019_idps8b, idps_8b_2025_dim_idps, idps_8b_2025_idps, simce_2m_2016__rbd, simce_2m_2017_rbd, simce_2m_2018_rbd, simce_2m_2022__rbd, simce_2m_2023__rbd, simce_2m_2024__rbd, simce_2m_2025__rbd, simce_4b_2016__rbd, simce_4b_2017_rbd, simce_4b_2018_rbd, simce_4b_2022__rbd, simce_4b_2023__rbd, simce_4b_2024__rbd, simce_4b_2025__rbd, simce_6b_2016__rbd, simce_6b_2018_rbd, simce_6b_2024__rbd, simce_8b_2017_rbd, simce_8b_2025__rbd"
cod_deprov,Código Departamento Provincial,"simce_2m_2016__comuna, simce_2m_2016__deprov, simce_2m_2017_comuna, simce_2m_2017_deprov, simce_2m_2018_comuna, simce_2m_2018_deprov, simce_2m_2022__comuna, simce_2m_2022__deprov, simce_2m_2023__comuna, simce_2m_2023__deprov, simce_2m_2024__comuna, simce_2m_2024__deprov, simce_2m_2025__comuna, simce_2m_2025__deprov, simce_4b_2016__comuna, simce_4b_2016__deprov, simce_4b_2017_comuna, simce_4b_2017_deprov, simce_4b_2018_comuna, simce_4b_2018_deprov, simce_4b_2022__comuna, simce_4b_2022__deprov, simce_4b_2023__comuna, simce_4b_2023__deprov, simce_4b_2024__comuna, simce_4b_2024__deprov, simce_4b_2025__comuna, simce_4b_2025__deprov, simce_6b_2016__comuna, simce_6b_2016__deprov, simce_6b_2018_comuna, simce_6b_2018_deprov, simce_6b_2024__comuna, simce_6b_2024__deprov, simce_8b_2017_comuna, simce_8b_2017_deprov, simce_8b_2025__comuna, simce_8b_2025__deprov"
cod_deprov:rbd,Nombre Deprov del establecimiento año 2015,simce_6b_2018_rbd
cod_deprov_rbd,Código Deprov del establecimiento año 2015,"simce_2m_2018_rbd, simce_2m_2022__rbd, simce_2m_2023__rbd, simce_2m_2024__rbd, simce_2m_2025__rbd, simce_4b_2022__rbd, simce_4b_2023__rbd, simce_4b_2024__rbd, simce_4b_2025__rbd, simce_6b_2018_rbd, simce_6b_2024__rbd, simce_8b_2025__rbd"
cod_grupo,Código de grupo socioeconómico,"idps_2m_2017_idps2m, idps_2m_2018_idps2m, idps_2m_2022_dim_idps2m, idps_2m_2022_idps2m, idps_2m_2023_dim_idps2m, idps_2m_2023_idps2m, idps_2m_2024_dim_idps, idps_2m_2024_idps, idps_2m_2025_dim_idps, idps_2m_2025_idps, idps_4b_2017_idps4b, idps_4b_2018_idps4b, idps_4b_2022_dim_idps4b, idps_4b_2022_idps4b, idps_4b_2023_dim_idps4b, idps_4b_2023_idps4b, idps_4b_2024_dim_idps, idps_4b_2024_idps, idps_4b_2025_dim_idps, idps_4b_2025_idps, idps_6b_2018_idps6b, idps_6b_2024_dim_idps, idps_6b_2024_idps, idps_8b_2017_idps8b, idps_8b_2019_idps8b, idps_8b_2025_dim_idps, idps_8b_2025_idps, simce_2m_2016__rbd, simce_2m_2017_rbd, simce_2m_2018_rbd, simce_2m_2022__rbd, simce_2m_2023__rbd, simce_2m_2024__rbd, simce_2m_2025__rbd, simce_4b_2016__rbd, simce_4b_2017_rbd, simce_4b_2018_rbd, simce_4b_2022__rbd, simce_4b_2023__rbd, simce_4b_2024__rbd, simce_4b_2025__rbd, simce_6b_2016__rbd, simce_6b_2018_rbd, simce_6b_2024__rbd, simce_8b_2017_rbd, simce_8b_2025__rbd"
cod_pro,Código de provincia año 2016,"simce_2m_2016__comuna, simce_2m_2017_comuna, simce_2m_2018_comuna, simce_2m_2022__comuna, simce_2m_2023__comuna, simce_2m_2024__comuna, simce_2m_2025__comuna, simce_4b_2016__comuna, simce_4b_2017_comuna, simce_4b_2018_comuna, simce_4b_2022__comuna, simce_4b_2023__comuna, simce_4b_2024__comuna, simce_4b_2025__comuna, simce_6b_2016__comuna, simce_6b_2018_comuna, simce_6b_2024__comuna, simce_8b_2017_comuna, simce_8b_2025__comuna"
cod_pro_rbd,Código de provincia del establecimiento año 2016,"idps_2m_2017_idps2m, idps_2m_2018_idps2m, idps_2m_2022_dim_idps2m, idps_2m_2022_idps2m, idps_2m_2023_dim_idps2m, idps_2m_2023_idps2m, idps_2m_2024_dim_idps, idps_2m_2024_idps, idps_2m_2025_dim_idps, idps_2m_2025_idps, idps_4b_2017_idps4b, idps_4b_2018_idps4b, idps_4b_2022_dim_idps4b, idps_4b_2022_idps4b, idps_4b_2023_dim_idps4b, idps_4b_2023_idps4b, idps_4b_2024_dim_idps, idps_4b_2024_idps, idps_4b_2025_dim_idps, idps_4b_2025_idps, idps_6b_2018_idps6b, idps_6b_2024_dim_idps, idps_6b_2024_idps, idps_8b_2017_idps8b, idps_8b_2019_idps8b, idps_8b_2025_dim_idps, idps_8b_2025_idps, simce_2m_2016__rbd, simce_2m_2017_rbd, simce_2m_2018_rbd, simce_2m_2022__rbd, simce_2m_2023__rbd, simce_2m_2024__rbd, simce_2m_2025__rbd, simce_4b_2016__rbd, simce_4b_2017_rbd, simce_4b_2018_rbd, simce_4b_2022__rbd, simce_4b_2023__rbd, simce_4b_2024__rbd, simce_4b_2025__rbd, simce_6b_2016__rbd, simce_6b_2018_rbd, simce_6b_2024__rbd, simce_8b_2017_rbd, simce_8b_2025__rbd"
cod_reg,Código de región año 2016,"simce_2m_2016__comuna, simce_2m_2016__deprov, simce_2m_2016__region, simce_2m_2017_comuna, simce_2m_2017_deprov, simce_2m_2017_región, simce_2m_2018_comuna, simce_2m_2018_deprov, simce_2m_2018_región, simce_2m_2022__comuna, simce_2m_2022__deprov, simce_2m_2022__region, simce_2m_2023__comuna, simce_2m_2023__deprov, simce_2m_2023__region, simce_2m_2024__comuna, simce_2m_2024__deprov, simce_2m_2024__region, simce_2m_2025__comuna, simce_2m_2025__deprov, simce_2m_2025__region, simce_4b_2016__comuna, simce_4b_2016__deprov, simce_4b_2016__region, simce_4b_2017_comuna, simce_4b_2017_deprov, simce_4b_2017_region, simce_4b_2018_comuna, simce_4b_2018_deprov, simce_4b_2018_región, simce_4b_2022__comuna, simce_4b_2022__deprov, simce_4b_2022__region, simce_4b_2023__comuna, simce_4b_2023__deprov, simce_4b_2023__region, simce_4b_2024__comuna, simce_4b_2024__deprov, simce_4b_2024__region, simce_4b_2025__comuna, simce_4b_2025__deprov, simce_4b_2025__region, simce_6b_2016__comuna, simce_6b_2016__deprov, simce_6b_2016__region, simce_6b_2018_comuna, simce_6b_2018_deprov, simce_6b_2018_region, simce_6b_2018_región, simce_6b_2024__comuna, simce_6b_2024__deprov, simce_6b_2024__region, simce_8b_2017_comuna, simce_8b_2017_deprov, simce_8b_2017_region, simce_8b_2025__comuna, simce_8b_2025__deprov, simce_8b_2025__region"
cod_reg_rbd,Código de región del establecimiento año 2016,"idps_2m_2017_idps2m, idps_2m_2018_idps2m, idps_2m_2022_dim_idps2m, idps_2m_2022_idps2m, idps_2m_2023_dim_idps2m, idps_2m_2023_idps2m, idps_2m_2024_dim_idps, idps_2m_2024_idps, idps_2m_2025_dim_idps, idps_2m_2025_idps, idps_4b_2017_idps4b, idps_4b_2018_idps4b, idps_4b_2022_dim_idps4b, idps_4b_2022_idps4b, idps_4b_2023_dim_idps4b, idps_4b_2023_idps4b, idps_4b_2024_dim_idps, idps_4b_2024_idps, idps_4b_2025_dim_idps, idps_4b_2025_idps, idps_6b_2018_idps6b, idps_6b_2024_dim_idps, idps_6b_2024_idps, idps_8b_2017_idps8b, idps_8b_2019_idps8b, idps_8b_2025_dim_idps, idps_8b_2025_idps, simce_2m_2016__rbd, simce_2m_2017_rbd, simce_2m_2018_rbd, simce_2m_2022__rbd, simce_2m_2023__rbd, simce_2m_2024__rbd, simce_2m_2025__rbd, simce_4b_2016__rbd, simce_4b_2017_rbd, simce_4b_2018_rbd, simce_4b_2022__rbd, simce_4b_2023__rbd, simce_4b_2024__rbd, simce_4b_2025__rbd, simce_6b_2016__rbd, simce_6b_2018_rbd, simce_6b_2024__rbd, simce_8b_2017_rbd, simce_8b_2025__rbd"
cod_rural_rbd,Código de ruralidad del establecimiento,"idps_2m_2017_idps2m, idps_2m_2018_idps2m, idps_2m_2022_dim_idps2m, idps_2m_2022_idps2m, idps_2m_2023_dim_idps2m, idps_2m_2023_idps2m, idps_2m_2024_dim_idps, idps_2m_2024_idps, idps_2m_2025_dim_idps, idps_2m_2025_idps, idps_4b_2017_idps4b, idps_4b_2018_idps4b, idps_4b_2022_dim_idps4b, idps_4b_2022_idps4b, idps_4b_2023_dim_idps4b, idps_4b_2023_idps4b, idps_4b_2024_dim_idps, idps_4b_2024_idps, idps_4b_2025_dim_idps, idps_4b_2025_idps, idps_6b_2018_idps6b, idps_6b_2024_dim_idps, idps_6b_2024_idps, idps_8b_2017_idps8b, idps_8b_2019_idps8b, idps_8b_2025_dim_idps, idps_8b_2025_idps, simce_2m_2016__rbd, simce_2m_2017_rbd, simce_2m_2018_rbd, simce_2m_2022__rbd, simce_2m_2023__rbd, simce_2m_2024__rbd, simce_2m_2025__rbd, simce_4b_2016__rbd, simce_4b_2017_rbd, simce_4b_2018_rbd, simce_4b_2022__rbd, simce_4b_2023__rbd, simce_4b_2024__rbd, simce_4b_2025__rbd, simce_6b_2016__rbd, simce_6b_2018_rbd, simce_6b_2024__rbd, simce_8b_2017_rbd, simce_8b_2025__rbd"
codigo_bbdd,Código único base de datos,"idps_2m_2022_dim_idps2m, idps_2m_2023_dim_idps2m, idps_2m_2023_idps2m, idps_2m_2023_idps2m_niveles_final, idps_2m_2024_dim_idps, idps_2m_2024_idps, idps_2m_2024_idps_niveles, idps_2m_2025_dim_idps, idps_2m_2025_idps, idps_2m_2025_idps_niveles, idps_4b_2022_dim_idps4b, idps_4b_2023_dim_idps4b, idps_4b_2023_idps4b, idps_4b_2023_idps4b_niveles_final, idps_4b_2024_dim_idps, idps_4b_2024_idps, idps_4b_2024_idps_niveles, idps_4b_2025_dim_idps, idps_4b_2025_idps, idps_4b_2025_idps_niveles, idps_6b_2024_dim_idps, idps_6b_2024_idps, idps_6b_2024_idps_niveles, idps_8b_2025_dim_idps, idps_8b_2025_idps, idps_8b_2025_idps_niveles, simce_2m_2016__comuna, simce_2m_2016__deprov, simce_2m_2016__rbd, simce_2m_2016__region, simce_2m_2017_comuna, simce_2m_2017_deprov, simce_2m_2017_rbd, simce_2m_2017_región, simce_2m_2018_comuna, simce_2m_2018_deprov, simce_2m_2018_rbd, simce_2m_2018_región, simce_2m_2022__comuna, simce_2m_2022__deprov, simce_2m_2022__rbd, simce_2m_2022__region, simce_2m_2023__comuna, simce_2m_2023__deprov, simce_2m_2023__rbd, simce_2m_2023__region, simce_2m_2024__comuna, simce_2m_2024__deprov, simce_2m_2024__rbd, simce_2m_2024__region, simce_2m_2025__comuna, simce_2m_2025__deprov, simce_2m_2025__rbd, simce_2m_2025__region, simce_4b_2016__comuna, simce_4b_2016__deprov, simce_4b_2016__rbd, simce_4b_2016__region, simce_4b_2017_comuna, simce_4b_2017_deprov, simce_4b_2017_rbd, simce_4b_2017_region, simce_4b_2018_comuna, simce_4b_2018_deprov, simce_4b_2018_rbd, simce_4b_2018_región, simce_4b_2022__comuna, simce_4b_2022__deprov, simce_4b_2022__rbd, simce_4b_2022__region, simce_4b_2023__comuna, simce_4b_2023__deprov, simce_4b_2023__rbd, simce_4b_2023__region, simce_4b_2024__comuna, simce_4b_2024__deprov, simce_4b_2024__rbd, simce_4b_2024__region, simce_4b_2025__comuna, simce_4b_2025__deprov, simce_4b_2025__rbd, simce_4b_2025__region, simce_6b_2016__comuna, simce_6b_2016__deprov, simce_6b_2016__rbd, simce_6b_2016__region, simce_6b_2018_comuna, simce_6b_2018_deprov, simce_6b_2018_rbd, simce_6b_2018_region, simce_6b_2018_región, simce_6b_2024__comuna, simce_6b_2024__deprov, simce_6b_2024__rbd, simce_6b_2024__region, simce_8b_2017_comuna, simce_8b_2017_deprov, simce_8b_2017_rbd, simce_8b_2017_region, simce_8b_2025__comuna, simce_8b_2025__deprov, simce_8b_2025__rbd, simce_8b_2025__region"
dif,Diferencia con respecto a la evaluación anterior,"idps_2m_2024_idps, idps_2m_2025_dim_idps, idps_2m_2025_idps, idps_4b_2024_idps, idps_4b_2025_dim_idps, idps_4b_2025_idps, idps_6b_2024_idps, idps_8b_2025_dim_idps, idps_8b_2025_idps"
dif_hist8b_com,Diferencia respecto a la evaluación anterior en Historia,simce_8b_2025__comuna
dif_hist8b_deprov,Diferencia respecto a la evaluación anterior en Historia,simce_8b_2025__deprov
dif_hist8b_rbd,Diferencia respecto a la evaluación anterior en Historia,simce_8b_2025__rbd
dif_hist8b_reg,Diferencia respecto a la evaluación anterior en Historia,simce_8b_2025__region
dif_lect2m_com,Diferencia respecto al año anterior en Lectura,"simce_2m_2016__comuna, simce_2m_2017_comuna, simce_2m_2018_comuna, simce_2m_2022__comuna, simce_2m_2023__comuna, simce_2m_2024__comuna, simce_2m_2025__comuna, simce_4b_2018_comuna"
dif_lect2m_deprov,Diferencia respecto al año anterior en Lectura,"simce_2m_2016__deprov, simce_2m_2017_deprov, simce_2m_2018_deprov, simce_2m_2022__deprov, simce_2m_2023__deprov, simce_2m_2024__deprov, simce_2m_2025__deprov, simce_4b_2018_deprov"
dif_lect2m_rbd,Diferencia respecto al año anterior en Lectura,"simce_2m_2016__rbd, simce_2m_2017_rbd, simce_2m_2018_rbd, simce_2m_2022__rbd, simce_2m_2023__rbd, simce_2m_2024__rbd, simce_2m_2025__rbd, simce_4b_2018_rbd"
dif_lect2m_reg,Diferencia respecto al año anterior en Lectura,"simce_2m_2016__region, simce_2m_2017_región, simce_2m_2018_región, simce_2m_2022__region, simce_2m_2023__region, simce_2m_2024__region, simce_2m_2025__region, simce_4b_2018_región, simce_4b_2022__region, simce_4b_2023__region"
dif_lect4b_com,Diferencia respecto al año anterior en Lectura,"simce_4b_2016__comuna, simce_4b_2017_comuna, simce_4b_2022__comuna, simce_4b_2023__comuna, simce_4b_2024__comuna, simce_4b_2025__comuna"
dif_lect4b_deprov,Diferencia respecto al año anterior en Lectura,"simce_4b_2016__deprov, simce_4b_2017_deprov, simce_4b_2022__deprov, simce_4b_2023__deprov, simce_4b_2024__deprov, simce_4b_2025__deprov"
dif_lect4b_rbd,Diferencia respecto al año anterior en Lectura,"simce_4b_2016__rbd, simce_4b_2017_rbd, simce_4b_2022__rbd, simce_4b_2023__rbd, simce_4b_2024__rbd, simce_4b_2025__rbd"
dif_lect4b_reg,Diferencia respecto al año anterior en Lectura,"simce_4b_2016__region, simce_4b_2017_region, simce_4b_2024__region, simce_4b_2025__region"
dif_lect6b_com,Diferencia respecto al año anterior en Lectura,"simce_6b_2016__comuna, simce_6b_2018_comuna, simce_6b_2024__comuna"
dif_lect6b_deprov,Diferencia respecto al año anterior en Lectura,"simce_6b_2016__deprov, simce_6b_2018_deprov, simce_6b_2024__deprov"
dif_lect6b_rbd,Diferencia respecto al año anterior en Lectura,"simce_6b_2016__rbd, simce_6b_2018_rbd, simce_6b_2024__rbd"
dif_lect6b_reg,Diferencia respecto al año anterior en Lectura,"simce_6b_2016__region, simce_6b_2018_región, simce_6b_2024__region"
dif_lect8b_com,Diferencia respecto al año anterior en Lectura,"simce_6b_2018_comuna, simce_8b_2017_comuna, simce_8b_2025__comuna"
dif_lect8b_deprov,Diferencia respecto al año anterior en Lectura,"simce_6b_2018_deprov, simce_8b_2017_deprov, simce_8b_2025__deprov"
dif_lect8b_rbd,Diferencia respecto al año anterior en Lectura,"simce_6b_2018_rbd, simce_8b_2017_rbd, simce_8b_2025__rbd"
dif_lect8b_reg,Diferencia respecto al año anterior en Lectura,"simce_6b_2018_region, simce_8b_2017_region, simce_8b_2025__region"
dif_mate2m_com,Diferencia respecto al año anterior en Matemática,"simce_2m_2016__comuna, simce_2m_2017_comuna, simce_2m_2018_comuna, simce_2m_2022__comuna, simce_2m_2023__comuna, simce_2m_2024__comuna, simce_2m_2025__comuna, simce_4b_2018_comuna"
dif_mate2m_deprov,Diferencia respecto al año anterior en Matemática,"simce_2m_2016__deprov, simce_2m_2017_deprov, simce_2m_2018_deprov, simce_2m_2022__deprov, simce_2m_2023__deprov, simce_2m_2024__deprov, simce_2m_2025__deprov, simce_4b_2018_deprov"
dif_mate2m_rbd,Diferencia respecto al año anterior en Matemática,"simce_2m_2016__rbd, simce_2m_2017_rbd, simce_2m_2018_rbd, simce_2m_2022__rbd, simce_2m_2023__rbd, simce_2m_2024__rbd, simce_2m_2025__rbd, simce_4b_2018_rbd"
dif_mate2m_reg,Diferencia respecto al año anterior en Matemática,"simce_2m_2016__region, simce_2m_2017_región, simce_2m_2018_región, simce_2m_2022__region, simce_2m_2023__region, simce_2m_2024__region, simce_2m_2025__region, simce_4b_2018_región, simce_4b_2022__region, simce_4b_2023__region"
dif_mate4b_com,Diferencia respecto al año anterior en Matemática,"simce_4b_2016__comuna, simce_4b_2017_comuna, simce_4b_2022__comuna, simce_4b_2023__comuna, simce_4b_2024__comuna, simce_4b_2025__comuna"
dif_mate4b_deprov,Diferencia respecto al año anterior en Matemática,"simce_4b_2016__deprov, simce_4b_2017_deprov, simce_4b_2022__deprov, simce_4b_2023__deprov, simce_4b_2024__deprov, simce_4b_2025__deprov"
dif_mate4b_rbd,Diferencia respecto al año anterior en Matemática,"simce_4b_2016__rbd, simce_4b_2017_rbd, simce_4b_2022__rbd, simce_4b_2023__rbd, simce_4b_2024__rbd, simce_4b_2025__rbd"
dif_mate4b_reg,Diferencia respecto al año anterior en Matemática,"simce_4b_2016__region, simce_4b_2017_region, simce_4b_2024__region, simce_4b_2025__region"
dif_mate6b_com,Diferencia respecto al año anterior en Matemática,"simce_6b_2016__comuna, simce_6b_2018_comuna, simce_6b_2024__comuna"
dif_mate6b_deprov,Diferencia respecto al año anterior en Matemática,"simce_6b_2016__deprov, simce_6b_2018_deprov, simce_6b_2024__deprov"
dif_mate6b_rbd,Diferencia respecto al año anterior en Matemática,"simce_6b_2016__rbd, simce_6b_2018_rbd, simce_6b_2024__rbd"
dif_mate6b_reg,Diferencia respecto al año anterior en Matemática,"simce_6b_2016__region, simce_6b_2018_región, simce_6b_2024__region"
dif_mate8b_com,Diferencia respecto al año anterior en Matemática,"simce_6b_2018_comuna, simce_8b_2017_comuna, simce_8b_2025__comuna"
dif_mate8b_deprov,Diferencia respecto al año anterior en Matemática,"simce_6b_2018_deprov, simce_8b_2017_deprov, simce_8b_2025__deprov"
dif_mate8b_rbd,Diferencia respecto al año anterior en Matemática,"simce_6b_2018_rbd, simce_8b_2017_rbd, simce_8b_2025__rbd"
dif_mate8b_reg,Diferencia respecto al año anterior en Matemática,"simce_6b_2018_region, simce_8b_2017_region, simce_8b_2025__region"
dif_nat2m_com,Diferencia respecto al año anterior en Ciencias Naturales (o equivalente),simce_2m_2016__comuna
dif_nat2m_deprov,Diferencia respecto al año anterior en Ciencias Naturales (o equivalente),simce_2m_2016__deprov
dif_nat2m_rbd,Diferencia respecto al año anterior en Ciencias Naturales (o equivalente),simce_2m_2016__rbd
dif_nat2m_reg,Diferencia respecto al año anterior en Ciencias Naturales (o equivalente),simce_2m_2016__region
dif_nat6b_com,Diferencia respecto al año anterior en Ciencias Sociales,simce_6b_2018_comuna
dif_nat6b_deprov,Diferencia respecto al año anterior en Ciencias Sociales,simce_6b_2018_deprov
dif_nat6b_rbd,Diferencia respecto al año anterior en ciencias Sociales,simce_6b_2018_rbd
dif_nat6b_reg,Diferencia respecto al año anterior en ciencias Sociales,simce_6b_2018_región
dif_nat8b_com,Diferencia respecto al año anterior en Ciencias Naturales,simce_8b_2017_comuna
dif_nat8b_deprov,Diferencia respecto al año anterior en Ciencias Naturales,simce_8b_2017_deprov
dif_nat8b_rbd,Diferencia respecto al año anterior en Ciencias Naturales,simce_8b_2017_rbd
dif_nat8b_reg,Diferencia respecto al año anterior en Ciencias Naturales,simce_8b_2017_region
dif_soc2m_com,Diferencia respecto al año anterior en Ciencias Sociales,"simce_2m_2017_comuna, simce_2m_2018_comuna"
dif_soc2m_deprov,Diferencia respecto al año anterior en Ciencias Sociales,"simce_2m_2017_deprov, simce_2m_2018_deprov"
dif_soc2m_rbd,Diferencia respecto al año anterior en ciencias Sociales,"simce_2m_2017_rbd, simce_2m_2018_rbd"
dif_soc2m_reg,Diferencia respecto al año anterior en ciencias Sociales,"simce_2m_2017_región, simce_2m_2018_región"
dif_soc6b_com,Diferencia respecto al año anterior en Ciencias Sociales (o equivalente),simce_6b_2016__comuna
dif_soc6b_deprov,Diferencia respecto al año anterior en Ciencias Sociales (o equivalente),simce_6b_2016__deprov
dif_soc6b_rbd,Diferencia respecto al año anterior en Ciencias Sociales (o equivalente),simce_6b_2016__rbd
dif_soc6b_reg,Diferencia respecto al año anterior en Ciencias Sociales (o equivalente),simce_6b_2016__region
dif_soc8b_com,Diferencia respecto al año anterior en Ciencias Sociales,simce_6b_2018_comuna
dif_soc8b_deprov,Diferencia respecto al año anterior en Ciencias Sociales,simce_6b_2018_deprov
dif_soc8b_rbd,Diferencia respecto al año anterior en ciencias sociales,simce_6b_2018_rbd
dif_soc8b_reg,Diferencia respecto al año anterior en ciencias Sociales,simce_6b_2018_region
difgru,Diferencia con el mismo GSE,"idps_2m_2024_idps, idps_2m_2025_idps, idps_4b_2024_idps, idps_4b_2025_idps, idps_6b_2024_idps, idps_8b_2025_idps"
difgru_hist8b_rbd,Diferencia con respecto al mismo GSE en Historia,simce_8b_2025__rbd
difgru_lect2m_rbd,Diferencia con respecto al mismo GSE en Lectura,"simce_2m_2016__rbd, simce_2m_2017_rbd, simce_2m_2018_rbd, simce_2m_2022__rbd, simce_2m_2023__rbd, simce_2m_2024__rbd, simce_2m_2025__rbd, simce_4b_2018_rbd"
difgru_lect4b_rbd,Diferencia con respecto al mismo GSE en Lectura,"simce_4b_2016__rbd, simce_4b_2017_rbd, simce_4b_2022__rbd, simce_4b_2023__rbd, simce_4b_2024__rbd, simce_4b_2025__rbd"
difgru_lect6b_rbd,Diferencia con respecto al mismo GSE en Lectura,"simce_6b_2016__rbd, simce_6b_2018_rbd, simce_6b_2024__rbd"
difgru_lect8b_rbd,Diferencia con respecto al mismo GSE en Lectura,"simce_6b_2018_rbd, simce_8b_2017_rbd, simce_8b_2025__rbd"
difgru_mate2m_rbd,Diferencia con respecto al mismo GSE en Matemática,"simce_2m_2016__rbd, simce_2m_2017_rbd, simce_2m_2018_rbd, simce_2m_2022__rbd, simce_2m_2023__rbd, simce_2m_2024__rbd, simce_2m_2025__rbd, simce_4b_2018_rbd"
difgru_mate4b_rbd,Diferencia con respecto al mismo GSE en Matemática,"simce_4b_2016__rbd, simce_4b_2017_rbd, simce_4b_2022__rbd, simce_4b_2023__rbd, simce_4b_2024__rbd, simce_4b_2025__rbd"
difgru_mate6b_rbd,Diferencia con respecto al mismo GSE en Matemática,"simce_6b_2016__rbd, simce_6b_2018_rbd, simce_6b_2024__rbd"
difgru_mate8b_rbd,Diferencia con respecto al mismo GSE en Matemática,"simce_6b_2018_rbd, simce_8b_2017_rbd, simce_8b_2025__rbd"
difgru_nat2m_rbd,Diferencia con respecto al mismo GSE en Ciencias Naturales (o equivalente),simce_2m_2016__rbd
difgru_nat6b_rbd,Diferencia con respecto al mismo GSE en Ciencias Sociales,simce_6b_2018_rbd
difgru_nat8b_rbd,Diferencia con respecto al mismo GSE en Ciencias Naturales,simce_8b_2017_rbd
difgru_soc2m_rbd,Diferencia con respecto al mismo GSE en Ciencias Sociales,"simce_2m_2017_rbd, simce_2m_2018_rbd"
difgru_soc6b_rbd,Diferencia con respecto al mismo GSE en Ciencias Sociales (o equivalente),simce_6b_2016__rbd
difgru_soc8b_rbd,Diferencia con respecto al mismo GSE en Ciencias sociales,simce_6b_2018_rbd
dim,Dimensión del indicador,"idps_2m_2022_dim_idps2m, idps_2m_2023_dim_idps2m, idps_2m_2023_idps2m_niveles_final, idps_2m_2024_dim_idps, idps_2m_2024_idps_niveles, idps_4b_2022_dim_idps4b, idps_4b_2023_dim_idps4b, idps_4b_2023_idps4b_niveles_final, idps_4b_2024_dim_idps, idps_4b_2024_idps_niveles, idps_6b_2024_dim_idps, idps_6b_2024_idps_niveles"
dvrbd,Dígito verificador RBD,"simce_2m_2016__rbd, simce_2m_2017_rbd, simce_2m_2018_rbd, simce_2m_2022__rbd, simce_2m_2023__rbd, simce_2m_2024__rbd, simce_2m_2025__rbd, simce_4b_2016__rbd, simce_4b_2017_rbd, simce_4b_2018_rbd, simce_4b_2022__rbd, simce_4b_2023__rbd, simce_4b_2024__rbd, simce_4b_2025__rbd, simce_6b_2016__rbd, simce_6b_2018_rbd, simce_6b_2024__rbd, simce_8b_2017_rbd, simce_8b_2025__rbd"
fecha_bbdd,Fecha en la que se construyó esta bbdd,"idps_2m_2022_dim_idps2m, idps_2m_2023_dim_idps2m, idps_2m_2023_idps2m, idps_2m_2023_idps2m_niveles_final, idps_2m_2024_dim_idps, idps_2m_2024_idps, idps_2m_2024_idps_niveles, idps_2m_2025_dim_idps, idps_2m_2025_idps, idps_2m_2025_idps_niveles, idps_4b_2022_dim_idps4b, idps_4b_2023_dim_idps4b, idps_4b_2023_idps4b, idps_4b_2023_idps4b_niveles_final, idps_4b_2024_dim_idps, idps_4b_2024_idps, idps_4b_2024_idps_niveles, idps_4b_2025_dim_idps, idps_4b_2025_idps, idps_4b_2025_idps_niveles, idps_6b_2024_dim_idps, idps_6b_2024_idps, idps_6b_2024_idps_niveles, idps_8b_2025_dim_idps, idps_8b_2025_idps, idps_8b_2025_idps_niveles, simce_2m_2016__comuna, simce_2m_2016__deprov, simce_2m_2016__rbd, simce_2m_2016__region, simce_2m_2017_comuna, simce_2m_2017_deprov, simce_2m_2017_rbd, simce_2m_2017_región, simce_2m_2018_comuna, simce_2m_2018_deprov, simce_2m_2018_rbd, simce_2m_2018_región, simce_2m_2022__comuna, simce_2m_2022__deprov, simce_2m_2022__rbd, simce_2m_2022__region, simce_2m_2023__comuna, simce_2m_2023__deprov, simce_2m_2023__rbd, simce_2m_2023__region, simce_2m_2024__comuna, simce_2m_2024__deprov, simce_2m_2024__rbd, simce_2m_2024__region, simce_2m_2025__comuna, simce_2m_2025__deprov, simce_2m_2025__rbd, simce_2m_2025__region, simce_4b_2016__comuna, simce_4b_2016__deprov, simce_4b_2016__rbd, simce_4b_2016__region, simce_4b_2017_comuna, simce_4b_2017_deprov, simce_4b_2017_rbd, simce_4b_2017_region, simce_4b_2018_comuna, simce_4b_2018_deprov, simce_4b_2018_rbd, simce_4b_2018_región, simce_4b_2022__comuna, simce_4b_2022__deprov, simce_4b_2022__rbd, simce_4b_2022__region, simce_4b_2023__comuna, simce_4b_2023__deprov, simce_4b_2023__rbd, simce_4b_2023__region, simce_4b_2024__comuna, simce_4b_2024__deprov, simce_4b_2024__rbd, simce_4b_2024__region, simce_4b_2025__comuna, simce_4b_2025__deprov, simce_4b_2025__rbd, simce_4b_2025__region, simce_6b_2016__comuna, simce_6b_2016__deprov, simce_6b_2016__rbd, simce_6b_2016__region, simce_6b_2018_comuna, simce_6b_2018_deprov, simce_6b_2018_rbd, simce_6b_2018_region, simce_6b_2018_región, simce_6b_2024__comuna, simce_6b_2024__deprov, simce_6b_2024__rbd, simce_6b_2024__region, simce_8b_2017_comuna, simce_8b_2017_deprov, simce_8b_2017_rbd, simce_8b_2017_region, simce_8b_2025__comuna, simce_8b_2025__deprov, simce_8b_2025__rbd, simce_8b_2025__region"
grado,Grado en el que se rinde la evaluación,"idps_2m_2016_idps2m, idps_2m_2017_idps2m, idps_2m_2018_idps2m, idps_2m_2022_dim_idps2m, idps_2m_2022_idps2m, idps_2m_2023_dim_idps2m, idps_2m_2023_idps2m, idps_2m_2023_idps2m_niveles_final, idps_2m_2024_dim_idps, idps_2m_2024_idps, idps_2m_2024_idps_niveles, idps_2m_2025_dim_idps, idps_2m_2025_idps, idps_2m_2025_idps_niveles, idps_4b_2016_idps4b, idps_4b_2017_idps4b, idps_4b_2018_idps4b, idps_4b_2022_dim_idps4b, idps_4b_2022_idps4b, idps_4b_2023_dim_idps4b, idps_4b_2023_idps4b, idps_4b_2023_idps4b_niveles_final, idps_4b_2024_dim_idps, idps_4b_2024_idps, idps_4b_2024_idps_niveles, idps_4b_2025_dim_idps, idps_4b_2025_idps, idps_4b_2025_idps_niveles, idps_6b_2016_idps6b, idps_6b_2018_idps6b, idps_6b_2024_dim_idps, idps_6b_2024_idps, idps_6b_2024_idps_niveles, idps_8b_2017_idps8b, idps_8b_2019_idps8b, idps_8b_2025_dim_idps, idps_8b_2025_idps, idps_8b_2025_idps_niveles, simce_2m_2016__comuna, simce_2m_2016__deprov, simce_2m_2016__rbd, simce_2m_2016__region, simce_2m_2017_comuna, simce_2m_2017_deprov, simce_2m_2017_rbd, simce_2m_2017_región, simce_2m_2018_comuna, simce_2m_2018_deprov, simce_2m_2018_rbd, simce_2m_2018_región, simce_2m_2022__comuna, simce_2m_2022__deprov, simce_2m_2022__rbd, simce_2m_2022__region, simce_2m_2023__comuna, simce_2m_2023__deprov, simce_2m_2023__rbd, simce_2m_2023__region, simce_2m_2024__comuna, simce_2m_2024__deprov, simce_2m_2024__rbd, simce_2m_2024__region, simce_2m_2025__comuna, simce_2m_2025__deprov, simce_2m_2025__rbd, simce_2m_2025__region, simce_4b_2016__comuna, simce_4b_2016__deprov, simce_4b_2016__rbd, simce_4b_2016__region, simce_4b_2017_comuna, simce_4b_2017_deprov, simce_4b_2017_rbd, simce_4b_2017_region, simce_4b_2018_comuna, simce_4b_2018_deprov, simce_4b_2018_rbd, simce_4b_2018_región, simce_4b_2022__comuna, simce_4b_2022__deprov, simce_4b_2022__rbd, simce_4b_2022__region, simce_4b_2023__comuna, simce_4b_2023__deprov, simce_4b_2023__rbd, simce_4b_2023__region, simce_4b_2024__comuna, simce_4b_2024__deprov, simce_4b_2024__rbd, simce_4b_2024__region, simce_4b_2025__comuna, simce_4b_2025__deprov, simce_4b_2025__rbd, simce_4b_2025__region, simce_6b_2016__comuna, simce_6b_2016__deprov, simce_6b_2016__rbd, simce_6b_2016__region, simce_6b_2018_comuna, simce_6b_2018_deprov, simce_6b_2018_rbd, simce_6b_2018_region, simce_6b_2018_región, simce_6b_2024__comuna, simce_6b_2024__deprov, simce_6b_2024__rbd, simce_6b_2024__region, simce_8b_2017_comuna, simce_8b_2017_deprov, simce_8b_2017_rbd, simce_8b_2017_region, simce_8b_2025__comuna, simce_8b_2025__deprov, simce_8b_2025__rbd, simce_8b_2025__region"
id_dimension,Dimensión del indicador,"idps_2m_2025_dim_idps, idps_2m_2025_idps_niveles, idps_4b_2025_dim_idps, idps_4b_2025_idps_niveles, idps_8b_2025_dim_idps, idps_8b_2025_idps_niveles"
id_indicador,Indicador,"idps_2m_2025_dim_idps, idps_2m_2025_idps, idps_2m_2025_idps_niveles, idps_4b_2025_dim_idps, idps_4b_2025_idps, idps_4b_2025_idps_niveles, idps_8b_2025_dim_idps, idps_8b_2025_idps, idps_8b_2025_idps_niveles"
id_subdimension,Subdimensión,"idps_2m_2025_idps_niveles, idps_4b_2025_idps_niveles, idps_8b_2025_idps_niveles"
ind,Indicador,"idps_2m_2022_dim_idps2m, idps_2m_2022_idps2m, idps_2m_2023_dim_idps2m, idps_2m_2023_idps2m, idps_2m_2023_idps2m_niveles_final, idps_2m_2024_dim_idps, idps_2m_2024_idps, idps_2m_2024_idps_niveles, idps_4b_2022_dim_idps4b, idps_4b_2022_idps4b, idps_4b_2023_dim_idps4b, idps_4b_2023_idps4b, idps_4b_2023_idps4b_niveles_final, idps_4b_2024_dim_idps, idps_4b_2024_idps, idps_4b_2024_idps_niveles, idps_6b_2024_dim_idps, idps_6b_2024_idps, idps_6b_2024_idps_niveles"
ind_am,Puntaje Indicador Autoestima académica y motivación escolar del colegio,"idps_2m_2016_idps2m, idps_2m_2017_idps2m, idps_2m_2018_idps2m, idps_4b_2016_idps4b, idps_4b_2017_idps4b, idps_4b_2018_idps4b, idps_6b_2016_idps6b, idps_6b_2018_idps6b, idps_8b_2017_idps8b, idps_8b_2019_idps8b"
ind_cc,Puntaje Indicador Clima de Convivencia escolar del colegio,"idps_2m_2016_idps2m, idps_2m_2017_idps2m, idps_2m_2018_idps2m, idps_4b_2016_idps4b, idps_4b_2017_idps4b, idps_4b_2018_idps4b, idps_6b_2016_idps6b, idps_6b_2018_idps6b, idps_8b_2017_idps8b, idps_8b_2019_idps8b"
ind_hv,Puntaje Indicador Habitos de vida saludable del colegio,"idps_2m_2016_idps2m, idps_2m_2017_idps2m, idps_2m_2018_idps2m, idps_4b_2016_idps4b, idps_4b_2017_idps4b, idps_4b_2018_idps4b, idps_6b_2016_idps6b, idps_6b_2018_idps6b, idps_8b_2017_idps8b, idps_8b_2019_idps8b"
ind_pf,Puntaje Indicador Participación y formación ciudadana del colegio,"idps_2m_2016_idps2m, idps_2m_2017_idps2m, idps_2m_2018_idps2m, idps_4b_2016_idps4b, idps_4b_2017_idps4b, idps_4b_2018_idps4b, idps_6b_2016_idps6b, idps_6b_2018_idps6b, idps_8b_2017_idps8b, idps_8b_2019_idps8b"
marca_hist8b_rbd,Razón por la que no se muestra el puntaje promedio Historia del establecimiento,simce_8b_2025__rbd
marca_lect2m_rbd,Razón por la que no se muestra el puntaje promedio Lectura del establecimiento,"simce_2m_2016__rbd, simce_2m_2017_rbd, simce_2m_2018_rbd, simce_2m_2022__rbd, simce_2m_2023__rbd, simce_2m_2024__rbd, simce_2m_2025__rbd, simce_4b_2018_rbd"
marca_lect4b_rbd,Razón por la que no se muestra el puntaje promedio Lectura del establecimiento,"simce_4b_2016__rbd, simce_4b_2017_rbd, simce_4b_2022__rbd, simce_4b_2023__rbd, simce_4b_2024__rbd, simce_4b_2025__rbd"
marca_lect6b_rbd,Razón por la que no se muestra el puntaje promedio Lectura del establecimiento,"simce_6b_2016__rbd, simce_6b_2018_rbd, simce_6b_2024__rbd"
marca_lect8b_rbd,Razón por la que no se muestra el puntaje promedio Lectura del establecimiento,"simce_6b_2018_rbd, simce_8b_2017_rbd, simce_8b_2025__rbd"
marca_mate2m_rbd,Razón por la que no se muestra el puntaje promedio Matemática del establecimient,"simce_2m_2016__rbd, simce_2m_2017_rbd, simce_2m_2018_rbd, simce_2m_2022__rbd, simce_2m_2023__rbd, simce_2m_2024__rbd, simce_2m_2025__rbd, simce_4b_2018_rbd"
marca_mate4b_rbd,Razón por la que no se muestra el puntaje promedio Matemática del establecimient,"simce_4b_2016__rbd, simce_4b_2017_rbd, simce_4b_2022__rbd, simce_4b_2023__rbd, simce_4b_2024__rbd, simce_4b_2025__rbd"
marca_mate6b_rbd,Razón por la que no se muestra el puntaje promedio Matemática del establecimient,"simce_6b_2016__rbd, simce_6b_2018_rbd, simce_6b_2024__rbd"
marca_mate8b_rbd,Razón por la que no se muestra el puntaje promedio Matemática del establecimiento,"simce_6b_2018_rbd, simce_8b_2017_rbd, simce_8b_2025__rbd"
marca_nat2m_rbd,Razón por la que no se muestra el puntaje promedio Ciencias Naturales del establ,simce_2m_2016__rbd
marca_nat6b_rbd,Razón por la que no se muestra el puntaje promedio Ciencias Sociales del establecimiento,simce_6b_2018_rbd
marca_nat8b_rbd,Razón por la que no se muestra el puntaje promedio Ciencias Naturales del establecimient,simce_8b_2017_rbd
marca_soc2m_rbd,Razón por la que no se muestra el puntaje promedio Ciencias Sociales del establecimiento,"simce_2m_2017_rbd, simce_2m_2018_rbd"
marca_soc6b_rbd,Razón por la que no se muestra el puntaje promedio Ciencias Sociales del estable,simce_6b_2016__rbd
marca_soc8b_rbd,Razón por la que no se muestra el puntaje promedio Ciencias sociales del establecimiento,simce_6b_2018_rbd
marcadif_hist8b_rbd,Razón por la que no se muestran diferencias en Historia,simce_8b_2025__rbd
marcadif_lect2m_rbd,Razón por la que no se muestra el puntaje en diferencias Lectura,"simce_2m_2016__rbd, simce_2m_2017_rbd, simce_2m_2018_rbd, simce_2m_2022__rbd, simce_2m_2023__rbd, simce_2m_2024__rbd, simce_2m_2025__rbd, simce_4b_2018_rbd"
marcadif_lect4b_rbd,Razón por la que no se muestra el puntaje en diferencias Lectura,"simce_4b_2016__rbd, simce_4b_2017_rbd, simce_4b_2022__rbd, simce_4b_2023__rbd, simce_4b_2024__rbd, simce_4b_2025__rbd"
marcadif_lect6b_rbd,Razón por la que no se muestra el puntaje en diferencias Lectura,"simce_6b_2016__rbd, simce_6b_2018_rbd, simce_6b_2024__rbd"
marcadif_lect8b_rbd,Razón por la que no se muestra el puntaje en diferencias Lectura,"simce_6b_2018_rbd, simce_8b_2017_rbd, simce_8b_2025__rbd"
marcadif_mate2m_rbd,Razón por la que no se muestra el puntaje en diferencias Matemática,"simce_2m_2016__rbd, simce_2m_2017_rbd, simce_2m_2018_rbd, simce_2m_2022__rbd, simce_2m_2023__rbd, simce_2m_2024__rbd, simce_2m_2025__rbd, simce_4b_2018_rbd"
marcadif_mate4b_rbd,Razón por la que no se muestra el puntaje en diferencias Matemática,"simce_4b_2016__rbd, simce_4b_2017_rbd, simce_4b_2022__rbd, simce_4b_2023__rbd, simce_4b_2024__rbd, simce_4b_2025__rbd"
marcadif_mate6b_rbd,Razón por la que no se muestra el puntaje en diferencias Matemática,"simce_6b_2016__rbd, simce_6b_2018_rbd, simce_6b_2024__rbd"
marcadif_mate8b_rbd,Razón por la que no se muestra el puntaje en diferencias Matemática,"simce_6b_2018_rbd, simce_8b_2017_rbd, simce_8b_2025__rbd"
marcadif_nat2m_rbd,Razón por la que no se muestra el puntaje en diferencias Ciencias Naturales,simce_2m_2016__rbd
marcadif_nat6b_rbd,Razón por la que no se muestra el puntaje en diferencias Ciencias Sociales,simce_6b_2018_rbd
marcadif_nat8b_rbd,Razón por la que no se muestra el puntaje en diferencias Ciencias Naturales,simce_8b_2017_rbd
marcadif_soc2m_rbd,Razón por la que no se muestra el puntaje en diferencias Ciencias Sociales,"simce_2m_2017_rbd, simce_2m_2018_rbd"
marcadif_soc6b_rbd,Razón por la que no se muestra el puntaje en diferencias Ciencias Sociales,simce_6b_2016__rbd
marcadif_soc8b_rbd,Razón por la que no se muestra el puntaje en diferencias Ciencias sociales,simce_6b_2018_rbd
mdif,Marca de la diferencia con respecto a la evaluación anterior,"idps_2m_2025_idps, idps_4b_2025_idps, idps_8b_2025_idps"
mdifgru,Marca de la diferencia con respecto a la mismo GSE,"idps_2m_2025_idps, idps_4b_2025_idps, idps_8b_2025_idps"
nalu_hist8b_rbd,Número de alumnos que rinde Historia,simce_8b_2025__rbd
nalu_lect2m_rbd,Número de alumnos que rinde Lectura,"simce_2m_2016__rbd, simce_2m_2017_rbd, simce_2m_2018_rbd, simce_2m_2022__rbd, simce_2m_2023__rbd, simce_2m_2024__rbd, simce_2m_2025__rbd, simce_4b_2018_rbd"
nalu_lect4b_rbd,Número de alumnos que rinde Lectura,"simce_4b_2016__rbd, simce_4b_2017_rbd, simce_4b_2022__rbd, simce_4b_2023__rbd, simce_4b_2024__rbd, simce_4b_2025__rbd"
nalu_lect6b_rbd,Número de alumnos que rinde Lectura,"simce_6b_2016__rbd, simce_6b_2018_rbd, simce_6b_2024__rbd"
nalu_lect8b_rbd,Número de alumnos con puntaje Lectura,"simce_6b_2018_rbd, simce_8b_2017_rbd, simce_8b_2025__rbd"
nalu_mate2m_rbd,Número de alumnos que rinde Matemáticas,"simce_2m_2016__rbd, simce_2m_2017_rbd, simce_2m_2018_rbd, simce_2m_2022__rbd, simce_2m_2023__rbd, simce_2m_2024__rbd, simce_2m_2025__rbd, simce_4b_2018_rbd"
nalu_mate4b_rbd,Número de alumnos que rinde Matemáticas,"simce_4b_2016__rbd, simce_4b_2017_rbd, simce_4b_2022__rbd, simce_4b_2023__rbd, simce_4b_2024__rbd, simce_4b_2025__rbd"
nalu_mate6b_rbd,Número de alumnos que rinde Matemáticas,"simce_6b_2016__rbd, simce_6b_2018_rbd, simce_6b_2024__rbd"
nalu_mate8b_rbd,Número de alumnos con puntaje Matemáticas,"simce_6b_2018_rbd, simce_8b_2017_rbd, simce_8b_2025__rbd"
nalu_nat2m_rbd,Número de alumnos que rinde Ciencias Naturales (o equivalente),simce_2m_2016__rbd
nalu_nat6b_rbd,Número de alumnos que rinde Ciencias Sociales,simce_6b_2018_rbd
nalu_nat8b_rbd,Número de alumnos que rinde ciencias naturales,simce_8b_2017_rbd
nalu_soc2m_rbd,Número de alumnos que rinde Ciencias Sociales,"simce_2m_2017_rbd, simce_2m_2018_rbd"
nalu_soc6b_rbd,Número de alumnos que rinde Ciencias Sociales (o equivalente),simce_6b_2016__rbd
nalu_soc8b_rbd,Número de alumnos con puntaje Ciencias sociales,simce_6b_2018_rbd
niv_alto_por,Porcentaje de estudiantes en nivel alto,"idps_2m_2023_idps2m_niveles_final, idps_2m_2024_idps_niveles, idps_2m_2025_idps_niveles, idps_4b_2023_idps4b_niveles_final, idps_4b_2024_idps_niveles, idps_4b_2025_idps_niveles, idps_6b_2024_idps_niveles, idps_8b_2025_idps_niveles"
niv_bajo_por,Porcentaje de estudiantes en nivel bajo,"idps_2m_2023_idps2m_niveles_final, idps_2m_2024_idps_niveles, idps_2m_2025_idps_niveles, idps_4b_2023_idps4b_niveles_final, idps_4b_2024_idps_niveles, idps_4b_2025_idps_niveles, idps_6b_2024_idps_niveles, idps_8b_2025_idps_niveles"
niv_malto_por,"Marca Porcentaje nivel alto
","idps_2m_2023_idps2m_niveles_final, idps_2m_2024_idps_niveles, idps_2m_2025_idps_niveles, idps_4b_2023_idps4b_niveles_final, idps_4b_2024_idps_niveles, idps_4b_2025_idps_niveles, idps_6b_2024_idps_niveles, idps_8b_2025_idps_niveles"
niv_mbajo_por,Marca Porcentaje nivel bajo,"idps_2m_2023_idps2m_niveles_final, idps_2m_2024_idps_niveles, idps_2m_2025_idps_niveles, idps_4b_2023_idps4b_niveles_final, idps_4b_2024_idps_niveles, idps_4b_2025_idps_niveles, idps_6b_2024_idps_niveles, idps_8b_2025_idps_niveles"
niv_medio_por,Porcentaje de estudiantes en nivel medio,"idps_2m_2023_idps2m_niveles_final, idps_2m_2024_idps_niveles, idps_2m_2025_idps_niveles, idps_4b_2023_idps4b_niveles_final, idps_4b_2024_idps_niveles, idps_4b_2025_idps_niveles, idps_6b_2024_idps_niveles, idps_8b_2025_idps_niveles"
niv_mmedio_por,Marca Porcentaje nivel medio,"idps_2m_2023_idps2m_niveles_final, idps_2m_2024_idps_niveles, idps_2m_2025_idps_niveles, idps_4b_2023_idps4b_niveles_final, idps_4b_2024_idps_niveles, idps_4b_2025_idps_niveles, idps_6b_2024_idps_niveles, idps_8b_2025_idps_niveles"
nivel,Nivel,"idps_2m_2023_idps2m_niveles_final, idps_2m_2024_idps_niveles, idps_4b_2023_idps4b_niveles_final, idps_4b_2024_idps_niveles, idps_6b_2024_idps_niveles"
noaplica,Establecimiento no se considera en la aplicación,"simce_2m_2016__rbd, simce_2m_2017_rbd, simce_2m_2018_rbd, simce_2m_2022__rbd, simce_2m_2023__rbd, simce_2m_2024__rbd, simce_2m_2025__rbd, simce_4b_2016__rbd, simce_4b_2017_rbd, simce_4b_2018_rbd, simce_4b_2022__rbd, simce_4b_2023__rbd, simce_4b_2024__rbd, simce_4b_2025__rbd, simce_6b_2016__rbd, simce_6b_2018_rbd, simce_6b_2024__rbd, simce_8b_2017_rbd, simce_8b_2025__rbd"
nom_com,Nombre de la comuna año 2016,"simce_2m_2016__comuna, simce_2m_2017_comuna, simce_2m_2018_comuna, simce_2m_2022__comuna, simce_2m_2023__comuna, simce_2m_2024__comuna, simce_2m_2025__comuna, simce_4b_2016__comuna, simce_4b_2017_comuna, simce_4b_2018_comuna, simce_4b_2022__comuna, simce_4b_2023__comuna, simce_4b_2024__comuna, simce_4b_2025__comuna, simce_6b_2016__comuna, simce_6b_2018_comuna, simce_6b_2024__comuna, simce_8b_2017_comuna, simce_8b_2025__comuna"
nom_com_rbd,Nombre de la comunas del establecimiento año 2016,"idps_2m_2017_idps2m, idps_2m_2018_idps2m, idps_2m_2022_dim_idps2m, idps_2m_2022_idps2m, idps_2m_2023_dim_idps2m, idps_2m_2023_idps2m, idps_2m_2024_dim_idps, idps_2m_2024_idps, idps_2m_2025_dim_idps, idps_2m_2025_idps, idps_4b_2017_idps4b, idps_4b_2018_idps4b, idps_4b_2022_dim_idps4b, idps_4b_2022_idps4b, idps_4b_2023_dim_idps4b, idps_4b_2023_idps4b, idps_4b_2024_dim_idps, idps_4b_2024_idps, idps_4b_2025_dim_idps, idps_4b_2025_idps, idps_6b_2018_idps6b, idps_6b_2024_dim_idps, idps_6b_2024_idps, idps_8b_2017_idps8b, idps_8b_2019_idps8b, idps_8b_2025_dim_idps, idps_8b_2025_idps, simce_2m_2016__rbd, simce_2m_2017_rbd, simce_2m_2018_rbd, simce_2m_2022__rbd, simce_2m_2023__rbd, simce_2m_2024__rbd, simce_2m_2025__rbd, simce_4b_2016__rbd, simce_4b_2017_rbd, simce_4b_2018_rbd, simce_4b_2022__rbd, simce_4b_2023__rbd, simce_4b_2024__rbd, simce_4b_2025__rbd, simce_6b_2016__rbd, simce_6b_2018_rbd, simce_6b_2024__rbd, simce_8b_2017_rbd, simce_8b_2025__rbd"
nom_deprov,Nombre Departamento Provincial,"simce_2m_2016__comuna, simce_2m_2016__deprov, simce_2m_2017_comuna, simce_2m_2017_deprov, simce_2m_2018_comuna, simce_2m_2018_deprov, simce_2m_2022__comuna, simce_2m_2022__deprov, simce_2m_2023__comuna, simce_2m_2023__deprov, simce_2m_2024__comuna, simce_2m_2024__deprov, simce_2m_2025__comuna, simce_2m_2025__deprov, simce_4b_2016__comuna, simce_4b_2016__deprov, simce_4b_2017_comuna, simce_4b_2017_deprov, simce_4b_2018_comuna, simce_4b_2018_deprov, simce_4b_2022__comuna, simce_4b_2022__deprov, simce_4b_2023__comuna, simce_4b_2023__deprov, simce_4b_2024__comuna, simce_4b_2024__deprov, simce_4b_2025__comuna, simce_4b_2025__deprov, simce_6b_2016__comuna, simce_6b_2016__deprov, simce_6b_2018_comuna, simce_6b_2018_deprov, simce_6b_2024__comuna, simce_6b_2024__deprov, simce_8b_2017_comuna, simce_8b_2017_deprov, simce_8b_2025__comuna, simce_8b_2025__deprov"
nom_deprov_rbd,Nombre Deprov del establecimiento año 2014,"idps_2m_2017_idps2m, idps_2m_2018_idps2m, idps_2m_2022_dim_idps2m, idps_2m_2022_idps2m, idps_2m_2023_dim_idps2m, idps_2m_2023_idps2m, idps_2m_2024_dim_idps, idps_2m_2024_idps, idps_2m_2025_dim_idps, idps_2m_2025_idps, idps_4b_2017_idps4b, idps_4b_2018_idps4b, idps_4b_2022_dim_idps4b, idps_4b_2022_idps4b, idps_4b_2023_dim_idps4b, idps_4b_2023_idps4b, idps_4b_2024_dim_idps, idps_4b_2024_idps, idps_4b_2025_dim_idps, idps_4b_2025_idps, idps_6b_2018_idps6b, idps_6b_2024_dim_idps, idps_6b_2024_idps, idps_8b_2017_idps8b, idps_8b_2019_idps8b, idps_8b_2025_dim_idps, idps_8b_2025_idps, simce_2m_2016__rbd, simce_2m_2017_rbd, simce_2m_2018_rbd, simce_2m_2022__rbd, simce_2m_2023__rbd, simce_2m_2024__rbd, simce_2m_2025__rbd, simce_4b_2016__rbd, simce_4b_2018_rbd, simce_4b_2022__rbd, simce_4b_2023__rbd, simce_4b_2024__rbd, simce_4b_2025__rbd, simce_6b_2016__rbd, simce_6b_2018_rbd, simce_6b_2024__rbd, simce_8b_2017_rbd, simce_8b_2025__rbd"
nom_pro,Nombre de provincia año 2016,"simce_2m_2016__comuna, simce_2m_2017_comuna, simce_2m_2018_comuna, simce_2m_2022__comuna, simce_2m_2023__comuna, simce_2m_2024__comuna, simce_2m_2025__comuna, simce_4b_2016__comuna, simce_4b_2017_comuna, simce_4b_2018_comuna, simce_4b_2022__comuna, simce_4b_2023__comuna, simce_4b_2024__comuna, simce_4b_2025__comuna, simce_6b_2016__comuna, simce_6b_2018_comuna, simce_6b_2024__comuna, simce_8b_2017_comuna, simce_8b_2025__comuna"
nom_pro_rbd,Nombre del departamento provincial del establecimieto año 2016,"idps_2m_2017_idps2m, idps_2m_2018_idps2m, idps_2m_2022_dim_idps2m, idps_2m_2022_idps2m, idps_2m_2023_dim_idps2m, idps_2m_2023_idps2m, idps_2m_2024_dim_idps, idps_2m_2024_idps, idps_2m_2025_dim_idps, idps_2m_2025_idps, idps_4b_2017_idps4b, idps_4b_2018_idps4b, idps_4b_2022_dim_idps4b, idps_4b_2022_idps4b, idps_4b_2023_dim_idps4b, idps_4b_2023_idps4b, idps_4b_2024_dim_idps, idps_4b_2024_idps, idps_4b_2025_dim_idps, idps_4b_2025_idps, idps_6b_2018_idps6b, idps_6b_2024_dim_idps, idps_6b_2024_idps, idps_8b_2017_idps8b, idps_8b_2019_idps8b, idps_8b_2025_dim_idps, idps_8b_2025_idps, simce_2m_2016__rbd, simce_2m_2017_rbd, simce_2m_2018_rbd, simce_2m_2022__rbd, simce_2m_2023__rbd, simce_2m_2024__rbd, simce_2m_2025__rbd, simce_4b_2016__rbd, simce_4b_2017_rbd, simce_4b_2018_rbd, simce_4b_2022__rbd, simce_4b_2023__rbd, simce_4b_2024__rbd, simce_4b_2025__rbd, simce_6b_2016__rbd, simce_6b_2018_rbd, simce_6b_2024__rbd, simce_8b_2017_rbd, simce_8b_2025__rbd"
nom_rbd,Nombre del establecimiento,"idps_2m_2017_idps2m, idps_2m_2018_idps2m, idps_2m_2022_dim_idps2m, idps_2m_2022_idps2m, idps_2m_2023_dim_idps2m, idps_2m_2023_idps2m, idps_2m_2024_dim_idps, idps_2m_2024_idps, idps_2m_2025_dim_idps, idps_2m_2025_idps, idps_4b_2017_idps4b, idps_4b_2018_idps4b, idps_4b_2022_dim_idps4b, idps_4b_2022_idps4b, idps_4b_2023_dim_idps4b, idps_4b_2023_idps4b, idps_4b_2024_dim_idps, idps_4b_2024_idps, idps_4b_2025_dim_idps, idps_4b_2025_idps, idps_6b_2018_idps6b, idps_6b_2024_dim_idps, idps_6b_2024_idps, idps_8b_2017_idps8b, idps_8b_2019_idps8b, idps_8b_2025_dim_idps, idps_8b_2025_idps, simce_2m_2016__rbd, simce_2m_2017_rbd, simce_2m_2018_rbd, simce_2m_2022__rbd, simce_2m_2023__rbd, simce_2m_2024__rbd, simce_2m_2025__rbd, simce_4b_2016__rbd, simce_4b_2017_rbd, simce_4b_2018_rbd, simce_4b_2022__rbd, simce_4b_2023__rbd, simce_4b_2024__rbd, simce_4b_2025__rbd, simce_6b_2016__rbd, simce_6b_2018_rbd, simce_6b_2024__rbd, simce_8b_2017_rbd, simce_8b_2025__rbd"
nom_reg,Nombre de región año 2016,"simce_2m_2016__comuna, simce_2m_2016__deprov, simce_2m_2016__region, simce_2m_2017_comuna, simce_2m_2017_deprov, simce_2m_2017_región, simce_2m_2018_comuna, simce_2m_2018_deprov, simce_2m_2018_región, simce_2m_2022__comuna, simce_2m_2022__deprov, simce_2m_2022__region, simce_2m_2023__comuna, simce_2m_2023__deprov, simce_2m_2023__region, simce_2m_2024__comuna, simce_2m_2024__deprov, simce_2m_2024__region, simce_2m_2025__comuna, simce_2m_2025__deprov, simce_2m_2025__region, simce_4b_2016__comuna, simce_4b_2016__deprov, simce_4b_2016__region, simce_4b_2017_comuna, simce_4b_2017_deprov, simce_4b_2017_region, simce_4b_2018_comuna, simce_4b_2018_deprov, simce_4b_2018_región, simce_4b_2022__comuna, simce_4b_2022__deprov, simce_4b_2022__region, simce_4b_2023__comuna, simce_4b_2023__deprov, simce_4b_2023__region, simce_4b_2024__comuna, simce_4b_2024__deprov, simce_4b_2024__region, simce_4b_2025__comuna, simce_4b_2025__deprov, simce_4b_2025__region, simce_6b_2016__comuna, simce_6b_2016__deprov, simce_6b_2016__region, simce_6b_2018_comuna, simce_6b_2018_deprov, simce_6b_2018_region, simce_6b_2018_región, simce_6b_2024__comuna, simce_6b_2024__deprov, simce_6b_2024__region, simce_8b_2017_comuna, simce_8b_2017_deprov, simce_8b_2017_region, simce_8b_2025__comuna, simce_8b_2025__deprov, simce_8b_2025__region"
nom_reg_rbd,Nombre de la región del establecimiento año 2016,"idps_2m_2017_idps2m, idps_2m_2018_idps2m, idps_2m_2022_dim_idps2m, idps_2m_2022_idps2m, idps_2m_2023_dim_idps2m, idps_2m_2023_idps2m, idps_2m_2024_dim_idps, idps_2m_2024_idps, idps_2m_2025_dim_idps, idps_2m_2025_idps, idps_4b_2017_idps4b, idps_4b_2018_idps4b, idps_4b_2022_dim_idps4b, idps_4b_2022_idps4b, idps_4b_2023_dim_idps4b, idps_4b_2023_idps4b, idps_4b_2024_dim_idps, idps_4b_2024_idps, idps_4b_2025_dim_idps, idps_4b_2025_idps, idps_6b_2018_idps6b, idps_6b_2024_dim_idps, idps_6b_2024_idps, idps_8b_2017_idps8b, idps_8b_2019_idps8b, idps_8b_2025_dim_idps, idps_8b_2025_idps, simce_2m_2016__rbd, simce_2m_2017_rbd, simce_2m_2018_rbd, simce_2m_2022__rbd, simce_2m_2023__rbd, simce_2m_2024__rbd, simce_2m_2025__rbd, simce_4b_2016__rbd, simce_4b_2017_rbd, simce_4b_2018_rbd, simce_4b_2022__rbd, simce_4b_2023__rbd, simce_4b_2024__rbd, simce_4b_2025__rbd, simce_6b_2016__rbd, simce_6b_2018_rbd, simce_6b_2024__rbd, simce_8b_2017_rbd, simce_8b_2025__rbd"
palu_eda_ade_lect2m_com,Porcentaje de estudiantes con estándar adecuado en Lectura,simce_2m_2025__comuna
palu_eda_ade_lect2m_deprov,Porcentaje de estudiantes con estándar adecuado en Lectura,simce_2m_2025__deprov
palu_eda_ade_lect2m_rbd,Porcentaje de estudiantes con estándar adecuado en Lectura,"simce_2m_2016__rbd, simce_2m_2017_rbd, simce_2m_2018_rbd, simce_2m_2022__rbd, simce_2m_2023__rbd, simce_2m_2024__rbd, simce_2m_2025__rbd, simce_4b_2018_rbd"
palu_eda_ade_lect2m_reg,Porcentaje de estudiantes con estándar adecuado en Lectura,simce_2m_2025__region
palu_eda_ade_lect4b_com,Porcentaje de estudiantes con estándar adecuado en Lectura,simce_4b_2025__comuna
palu_eda_ade_lect4b_deprov,Porcentaje de estudiantes con estándar adecuado en Lectura,simce_4b_2025__deprov
palu_eda_ade_lect4b_rbd,Porcentaje de estudiantes con estándar adecuado en Lectura,"simce_4b_2016__rbd, simce_4b_2017_rbd, simce_4b_2022__rbd, simce_4b_2023__rbd, simce_4b_2024__rbd, simce_4b_2025__rbd"
palu_eda_ade_lect4b_reg,Porcentaje de estudiantes con estándar adecuado en Lectura,simce_4b_2025__region
palu_eda_ade_lect6b_rbd,Porcentaje de estudiantes con estándar adecuado en Lectura,"simce_6b_2016__rbd, simce_6b_2018_rbd, simce_6b_2024__rbd"
palu_eda_ade_lect8b_com,Porcentaje de estudiantes con estándar adecuado en Lectura,simce_8b_2025__comuna
palu_eda_ade_lect8b_deprov,Porcentaje de estudiantes con estándar adecuado en Lectura,simce_8b_2025__deprov
palu_eda_ade_lect8b_rbd,Porcentaje de estudiantes con estándar adecuado en Lectura,simce_8b_2025__rbd
palu_eda_ade_lect8b_reg,Porcentaje de estudiantes con estándar adecuado en Lectura,simce_8b_2025__region
palu_eda_ade_mate2m_com,Porcentaje de estudiantes con estándar adecuado en Matemática,simce_2m_2025__comuna
palu_eda_ade_mate2m_deprov,Porcentaje de estudiantes con estándar adecuado en Matemática,simce_2m_2025__deprov
palu_eda_ade_mate2m_rbd,Porcentaje de estudiantes con estándar adecuado en Matemática,"simce_2m_2016__rbd, simce_2m_2017_rbd, simce_2m_2018_rbd, simce_2m_2022__rbd, simce_2m_2023__rbd, simce_2m_2024__rbd, simce_2m_2025__rbd, simce_4b_2018_rbd"
palu_eda_ade_mate2m_reg,Porcentaje de estudiantes con estándar adecuado en Matemática,simce_2m_2025__region
palu_eda_ade_mate4b_com,Porcentaje de estudiantes con estándar adecuado en Matemática,simce_4b_2025__comuna
palu_eda_ade_mate4b_deprov,Porcentaje de estudiantes con estándar adecuado en Matemática,simce_4b_2025__deprov
palu_eda_ade_mate4b_rbd,Porcentaje de estudiantes con estándar adecuado en Matemática,"simce_4b_2016__rbd, simce_4b_2017_rbd, simce_4b_2022__rbd, simce_4b_2023__rbd, simce_4b_2024__rbd, simce_4b_2025__rbd"
palu_eda_ade_mate4b_reg,Porcentaje de estudiantes con estándar adecuado en Matemática,simce_4b_2025__region
palu_eda_ade_mate6b_rbd,Porcentaje de estudiantes con estándar adecuado en Matemática,"simce_6b_2016__rbd, simce_6b_2018_rbd, simce_6b_2024__rbd"
palu_eda_ade_mate8b_com,Porcentaje de estudiantes con estándar adecuado en Matemática,simce_8b_2025__comuna
palu_eda_ade_mate8b_deprov,Porcentaje de estudiantes con estándar adecuado en Matemática,simce_8b_2025__deprov
palu_eda_ade_mate8b_rbd,Porcentaje de estudiantes con estándar adecuado en Matemática,simce_8b_2025__rbd
palu_eda_ade_mate8b_reg,Porcentaje de estudiantes con estándar adecuado en Matemática,simce_8b_2025__region
palu_eda_ele_lect2m_com,Porcentaje de estudiantes con estándar elemental en Lectura,simce_2m_2025__comuna
palu_eda_ele_lect2m_deprov,Porcentaje de estudiantes con estándar elemental en Lectura,simce_2m_2025__deprov
palu_eda_ele_lect2m_rbd,Porcentaje de estudiantes con estándar elemental en Lectura,"simce_2m_2016__rbd, simce_2m_2017_rbd, simce_2m_2018_rbd, simce_2m_2022__rbd, simce_2m_2023__rbd, simce_2m_2024__rbd, simce_2m_2025__rbd, simce_4b_2018_rbd"
palu_eda_ele_lect2m_reg,Porcentaje de estudiantes con estándar elemental en Lectura,simce_2m_2025__region
palu_eda_ele_lect4b_com,Porcentaje de estudiantes con estándar elemental en Lectura,simce_4b_2025__comuna
palu_eda_ele_lect4b_deprov,Porcentaje de estudiantes con estándar elemental en Lectura,simce_4b_2025__deprov
palu_eda_ele_lect4b_rbd,Porcentaje de estudiantes con estándar elemental en Lectura,"simce_4b_2016__rbd, simce_4b_2017_rbd, simce_4b_2022__rbd, simce_4b_2023__rbd, simce_4b_2024__rbd, simce_4b_2025__rbd"
palu_eda_ele_lect4b_reg,Porcentaje de estudiantes con estándar elemental en Lectura,simce_4b_2025__region
palu_eda_ele_lect6b_rbd,Porcentaje de estudiantes con estándar elemental en Lectura,"simce_6b_2016__rbd, simce_6b_2018_rbd, simce_6b_2024__rbd"
palu_eda_ele_lect8b_com,Porcentaje de estudiantes con estándar elemental en Lectura,simce_8b_2025__comuna
palu_eda_ele_lect8b_deprov,Porcentaje de estudiantes con estándar elemental en Lectura,simce_8b_2025__deprov
palu_eda_ele_lect8b_rbd,Porcentaje de estudiantes con estándar elemental en Lectura,simce_8b_2025__rbd
palu_eda_ele_lect8b_reg,Porcentaje de estudiantes con estándar elemental en Lectura,simce_8b_2025__region
palu_eda_ele_mate2m_com,Porcentaje de estudiantes con estándar elemental en Matemática,simce_2m_2025__comuna
palu_eda_ele_mate2m_deprov,Porcentaje de estudiantes con estándar elemental en Matemática,simce_2m_2025__deprov
palu_eda_ele_mate2m_rbd,Porcentaje de estudiantes con estándar elemental en Matemática,"simce_2m_2016__rbd, simce_2m_2017_rbd, simce_2m_2018_rbd, simce_2m_2022__rbd, simce_2m_2023__rbd, simce_2m_2024__rbd, simce_2m_2025__rbd, simce_4b_2018_rbd"
palu_eda_ele_mate2m_reg,Porcentaje de estudiantes con estándar elemental en Matemática,simce_2m_2025__region
palu_eda_ele_mate4b_com,Porcentaje de estudiantes con estándar elemental en Matemática,simce_4b_2025__comuna
palu_eda_ele_mate4b_deprov,Porcentaje de estudiantes con estándar elemental en Matemática,simce_4b_2025__deprov
palu_eda_ele_mate4b_rbd,Porcentaje de estudiantes con estándar elemental en Matemática,"simce_4b_2016__rbd, simce_4b_2017_rbd, simce_4b_2022__rbd, simce_4b_2023__rbd, simce_4b_2024__rbd, simce_4b_2025__rbd"
palu_eda_ele_mate4b_reg,Porcentaje de estudiantes con estándar elemental en Matemática,simce_4b_2025__region
palu_eda_ele_mate6b_rbd,Porcentaje de estudiantes con estándar elemental en Matemática,"simce_6b_2016__rbd, simce_6b_2018_rbd, simce_6b_2024__rbd"
palu_eda_ele_mate8b_com,Porcentaje de estudiantes con estándar elemental en Matemática,simce_8b_2025__comuna
palu_eda_ele_mate8b_deprov,Porcentaje de estudiantes con estándar elemental en Matemática,simce_8b_2025__deprov
palu_eda_ele_mate8b_rbd,Porcentaje de estudiantes con estándar elemental en Matemática,simce_8b_2025__rbd
palu_eda_ele_mate8b_reg,Porcentaje de estudiantes con estándar elemental en Matemática,simce_8b_2025__region
palu_eda_ins_lect2m_com,Porcentaje de estudiantes con estándar insuficiente en Lectura,simce_2m_2025__comuna
palu_eda_ins_lect2m_deprov,Porcentaje de estudiantes con estándar insuficiente en Lectura,simce_2m_2025__deprov
palu_eda_ins_lect2m_rbd,Porcentaje de estudiantes con estándar insuficiente en Lectura,"simce_2m_2016__rbd, simce_2m_2017_rbd, simce_2m_2018_rbd, simce_2m_2022__rbd, simce_2m_2023__rbd, simce_2m_2024__rbd, simce_2m_2025__rbd, simce_4b_2018_rbd"
palu_eda_ins_lect2m_reg,Porcentaje de estudiantes con estándar insuficiente en Lectura,simce_2m_2025__region
palu_eda_ins_lect4b_com,Porcentaje de estudiantes con estándar insuficiente en Lectura,simce_4b_2025__comuna
palu_eda_ins_lect4b_deprov,Porcentaje de estudiantes con estándar insuficiente en Lectura,simce_4b_2025__deprov
palu_eda_ins_lect4b_rbd,Porcentaje de estudiantes con estándar insuficiente en Lectura,"simce_4b_2016__rbd, simce_4b_2017_rbd, simce_4b_2022__rbd, simce_4b_2023__rbd, simce_4b_2024__rbd, simce_4b_2025__rbd"
palu_eda_ins_lect4b_reg,Porcentaje de estudiantes con estándar insuficiente en Lectura,simce_4b_2025__region
palu_eda_ins_lect6b_rbd,Porcentaje de estudiantes con estándar insuficiente en Lectura,"simce_6b_2016__rbd, simce_6b_2018_rbd, simce_6b_2024__rbd"
palu_eda_ins_lect8b_com,Porcentaje de estudiantes con estándar insuficiente en Lectura,simce_8b_2025__comuna
palu_eda_ins_lect8b_deprov,Porcentaje de estudiantes con estándar insuficiente en Lectura,simce_8b_2025__deprov
palu_eda_ins_lect8b_rbd,Porcentaje de estudiantes con estándar insuficiente en Lectura,simce_8b_2025__rbd
palu_eda_ins_lect8b_reg,Porcentaje de estudiantes con estándar insuficiente en Lectura,simce_8b_2025__region
palu_eda_ins_mate2m_com,Porcentaje de estudiantes con estándar insuficiente en Matemática,simce_2m_2025__comuna
palu_eda_ins_mate2m_deprov,Porcentaje de estudiantes con estándar insuficiente en Matemática,simce_2m_2025__deprov
palu_eda_ins_mate2m_rbd,Porcentaje de estudiantes con estándar insuficiente en Matemática,"simce_2m_2016__rbd, simce_2m_2017_rbd, simce_2m_2018_rbd, simce_2m_2022__rbd, simce_2m_2023__rbd, simce_2m_2024__rbd, simce_2m_2025__rbd, simce_4b_2018_rbd"
palu_eda_ins_mate2m_reg,Porcentaje de estudiantes con estándar insuficiente en Matemática,simce_2m_2025__region
palu_eda_ins_mate4b_com,Porcentaje de estudiantes con estándar insuficiente en Matemática,simce_4b_2025__comuna
palu_eda_ins_mate4b_deprov,Porcentaje de estudiantes con estándar insuficiente en Matemática,simce_4b_2025__deprov
palu_eda_ins_mate4b_rbd,Porcentaje de estudiantes con estándar insuficiente en Matemática,"simce_4b_2016__rbd, simce_4b_2017_rbd, simce_4b_2022__rbd, simce_4b_2023__rbd, simce_4b_2024__rbd, simce_4b_2025__rbd"
palu_eda_ins_mate4b_reg,Porcentaje de estudiantes con estándar insuficiente en Matemática,simce_4b_2025__region
palu_eda_ins_mate6b_rbd,Porcentaje de estudiantes con estándar insuficiente en Matemática,"simce_6b_2016__rbd, simce_6b_2018_rbd, simce_6b_2024__rbd"
palu_eda_ins_mate8b_com,Porcentaje de estudiantes con estándar insuficiente en Matemática,simce_8b_2025__comuna
palu_eda_ins_mate8b_deprov,Porcentaje de estudiantes con estándar insuficiente en Matemática,simce_8b_2025__deprov
palu_eda_ins_mate8b_rbd,Porcentaje de estudiantes con estándar insuficiente en Matemática,simce_8b_2025__rbd
palu_eda_ins_mate8b_reg,Porcentaje de estudiantes con estándar insuficiente en Matemática,simce_8b_2025__region
prom,Puntaje promedio del indicador escolar del colegio,"idps_2m_2022_dim_idps2m, idps_2m_2022_idps2m, idps_2m_2023_dim_idps2m, idps_2m_2023_idps2m, idps_2m_2024_dim_idps, idps_2m_2024_idps, idps_2m_2025_dim_idps, idps_2m_2025_idps, idps_4b_2022_dim_idps4b, idps_4b_2022_idps4b, idps_4b_2023_dim_idps4b, idps_4b_2023_idps4b, idps_4b_2024_dim_idps, idps_4b_2024_idps, idps_4b_2025_dim_idps, idps_4b_2025_idps, idps_6b_2024_dim_idps, idps_6b_2024_idps, idps_8b_2025_dim_idps, idps_8b_2025_idps"
prom_hist8b_com,Puntaje promedio comunal en Historia,simce_8b_2025__comuna
prom_hist8b_deprov,Puntaje promedio DEPROV en Historia,simce_8b_2025__deprov
prom_hist8b_rbd,Puntaje promedio del establecimiento en Historia,simce_8b_2025__rbd
prom_hist8b_reg,Puntaje promedio regional en Historia,simce_8b_2025__region
prom_lect2m_com,Puntaje promedio comunal en Lectura,"simce_2m_2016__comuna, simce_2m_2017_comuna, simce_2m_2018_comuna, simce_2m_2022__comuna, simce_2m_2023__comuna, simce_2m_2024__comuna, simce_2m_2025__comuna, simce_4b_2018_comuna"
prom_lect2m_deprov,Puntaje promedio DEPROV en Lectura,"simce_2m_2016__deprov, simce_2m_2017_deprov, simce_2m_2018_deprov, simce_2m_2022__deprov, simce_2m_2023__deprov, simce_2m_2024__deprov, simce_2m_2025__deprov, simce_4b_2018_deprov"
prom_lect2m_rbd,Puntaje promedio del establecimiento en Lectura,"simce_2m_2016__rbd, simce_2m_2017_rbd, simce_2m_2018_rbd, simce_2m_2022__rbd, simce_2m_2023__rbd, simce_2m_2024__rbd, simce_2m_2025__rbd, simce_4b_2018_rbd"
prom_lect2m_reg,Puntaje promedio regional en Lectura,"simce_2m_2016__region, simce_2m_2017_región, simce_2m_2018_región, simce_2m_2022__region, simce_2m_2023__region, simce_2m_2024__region, simce_2m_2025__region, simce_4b_2018_región, simce_4b_2022__region, simce_4b_2023__region"
prom_lect4b_com,Puntaje promedio comunal en Lectura,"simce_4b_2016__comuna, simce_4b_2017_comuna, simce_4b_2022__comuna, simce_4b_2023__comuna, simce_4b_2024__comuna, simce_4b_2025__comuna"
prom_lect4b_deprov,Puntaje promedio DEPROV en Lectura,"simce_4b_2016__deprov, simce_4b_2017_deprov, simce_4b_2022__deprov, simce_4b_2023__deprov, simce_4b_2024__deprov, simce_4b_2025__deprov"
prom_lect4b_rbd,Puntaje promedio del establecimiento en Lectura,"simce_4b_2016__rbd, simce_4b_2017_rbd, simce_4b_2022__rbd, simce_4b_2023__rbd, simce_4b_2024__rbd, simce_4b_2025__rbd"
prom_lect4b_reg,Puntaje promedio regional en Lectura,"simce_4b_2016__region, simce_4b_2017_region, simce_4b_2024__region, simce_4b_2025__region"
prom_lect6b_com,Puntaje promedio comunal en Lectura,"simce_6b_2016__comuna, simce_6b_2018_comuna, simce_6b_2024__comuna"
prom_lect6b_deprov,Puntaje promedio DEPROV en Lectura,"simce_6b_2016__deprov, simce_6b_2018_deprov, simce_6b_2024__deprov"
prom_lect6b_rbd,Puntaje promedio del establecimiento en Lectura,"simce_6b_2016__rbd, simce_6b_2018_rbd, simce_6b_2024__rbd"
prom_lect6b_reg,Puntaje promedio regional en Lectura,"simce_6b_2016__region, simce_6b_2018_región, simce_6b_2024__region"
prom_lect8b_com,Puntaje promedio comunal en Lectura,"simce_8b_2017_comuna, simce_8b_2025__comuna"
prom_lect8b_deprov,Puntaje promedio DEPROV en Lectura,"simce_6b_2018_deprov, simce_8b_2017_deprov, simce_8b_2025__deprov"
prom_lect8b_rbd,Puntaje promedio del establecimiento en Lectura,"simce_6b_2018_comuna, simce_6b_2018_rbd, simce_8b_2017_rbd, simce_8b_2025__rbd"
prom_lect8b_reg,Puntaje promedio regional en Lectura,"simce_6b_2018_region, simce_8b_2017_region, simce_8b_2025__region"
prom_mate2m_com,Puntaje promedio comunal en Matemática,"simce_2m_2016__comuna, simce_2m_2017_comuna, simce_2m_2018_comuna, simce_2m_2022__comuna, simce_2m_2023__comuna, simce_2m_2024__comuna, simce_2m_2025__comuna, simce_4b_2018_comuna"
prom_mate2m_deprov,Puntaje promedio DEPROV en Matemática,"simce_2m_2016__deprov, simce_2m_2017_deprov, simce_2m_2018_deprov, simce_2m_2022__deprov, simce_2m_2023__deprov, simce_2m_2024__deprov, simce_2m_2025__deprov, simce_4b_2018_deprov"
prom_mate2m_rbd,Puntaje promedio del establecimiento en Matemática,"simce_2m_2016__rbd, simce_2m_2017_rbd, simce_2m_2018_rbd, simce_2m_2022__rbd, simce_2m_2023__rbd, simce_2m_2024__rbd, simce_2m_2025__rbd, simce_4b_2018_rbd"
prom_mate2m_reg,Puntaje promedio regional en Matemática,"simce_2m_2016__region, simce_2m_2017_región, simce_2m_2018_región, simce_2m_2022__region, simce_2m_2023__region, simce_2m_2024__region, simce_2m_2025__region, simce_4b_2018_región, simce_4b_2022__region, simce_4b_2023__region"
prom_mate4b_com,Puntaje promedio comunal en Matemática,"simce_4b_2016__comuna, simce_4b_2017_comuna, simce_4b_2022__comuna, simce_4b_2023__comuna, simce_4b_2024__comuna, simce_4b_2025__comuna"
prom_mate4b_deprov,Puntaje promedio DEPROV en Matemática,"simce_4b_2016__deprov, simce_4b_2017_deprov, simce_4b_2022__deprov, simce_4b_2023__deprov, simce_4b_2024__deprov, simce_4b_2025__deprov"
prom_mate4b_rbd,Puntaje promedio del establecimiento en Matemática,"simce_4b_2016__rbd, simce_4b_2017_rbd, simce_4b_2022__rbd, simce_4b_2023__rbd, simce_4b_2024__rbd, simce_4b_2025__rbd"
prom_mate4b_reg,Puntaje promedio regional en Matemática,"simce_4b_2016__region, simce_4b_2017_region, simce_4b_2024__region, simce_4b_2025__region"
prom_mate6b_com,Puntaje promedio comunal en Matemática,"simce_6b_2016__comuna, simce_6b_2018_comuna, simce_6b_2024__comuna"
prom_mate6b_deprov,Puntaje promedio DEPROV en Matemática,"simce_6b_2016__deprov, simce_6b_2018_deprov, simce_6b_2024__deprov"
prom_mate6b_rbd,Puntaje promedio del establecimiento en Matemática,"simce_6b_2016__rbd, simce_6b_2018_rbd, simce_6b_2024__rbd"
prom_mate6b_reg,Puntaje promedio regional en Matemática,"simce_6b_2016__region, simce_6b_2018_región, simce_6b_2024__region"
prom_mate8b_com,Puntaje promedio comunal en Matemática,"simce_8b_2017_comuna, simce_8b_2025__comuna"
prom_mate8b_deprov,Puntaje promedio DEPROV en Matemática,"simce_6b_2018_deprov, simce_8b_2017_deprov, simce_8b_2025__deprov"
prom_mate8b_rbd,Puntaje promedio del establecimiento en Matemática,"simce_6b_2018_comuna, simce_6b_2018_rbd, simce_8b_2017_rbd, simce_8b_2025__rbd"
prom_mate8b_reg,Puntaje promedio regional en Matemática,"simce_6b_2018_region, simce_8b_2017_region, simce_8b_2025__region"
prom_nat2m_com,Puntaje promedio comunal en Ciencias Naturales (o equivalente),simce_2m_2016__comuna
prom_nat2m_deprov,Puntaje promedio DEPROV en Ciencias Naturales (o equivalente),simce_2m_2016__deprov
prom_nat2m_rbd,Puntaje promedio del establecimiento en Ciencias Naturales(o equivalente),simce_2m_2016__rbd
prom_nat2m_reg,Puntaje promedio regional en Ciencias Naturales (o equivalente),simce_2m_2016__region
prom_nat6b_com,Puntaje promedio comunal en Ciencias Sociales,simce_6b_2018_comuna
prom_nat6b_deprov,Puntaje promedio DEPROV en Ciencias Sociales,simce_6b_2018_deprov
prom_nat6b_rbd,Puntaje promedio del establecimiento en Ciencias Sociales,simce_6b_2018_rbd
prom_nat6b_reg,Puntaje promedio regional en Ciencias Sociales,simce_6b_2018_región
prom_nat8b_com,Puntaje promedio comunal en Ciencias Naturales,simce_8b_2017_comuna
prom_nat8b_deprov,Puntaje promedio DEPROV en Ciencias Naturales,simce_8b_2017_deprov
prom_nat8b_rbd,Puntaje promedio del establecimiento en ciencias naturales,simce_8b_2017_rbd
prom_nat8b_reg,Puntaje promedio regional en Ciencias Naturales,simce_8b_2017_region
prom_sco2m_deprov,Puntaje promedio DEPROV en Ciencias Sociales,"simce_2m_2017_deprov, simce_2m_2018_deprov"
prom_soc2m_com,Puntaje promedio comunal en Ciencias Sociales,"simce_2m_2017_comuna, simce_2m_2018_comuna"
prom_soc2m_rbd,Puntaje promedio del establecimiento en Ciencias Sociales,"simce_2m_2017_rbd, simce_2m_2018_rbd"
prom_soc2m_reg,Puntaje promedio regional en Ciencias Sociales,"simce_2m_2017_región, simce_2m_2018_región"
prom_soc6b_com,Puntaje promedio comunal en Ciencias Sociales (o equivalente),simce_6b_2016__comuna
prom_soc6b_deprov,Puntaje promedio DEPROV en Ciencias Sociales (o equivalente),simce_6b_2016__deprov
prom_soc6b_rbd,Puntaje promedio del establecimiento en Ciencias Sociales (o equivalente),simce_6b_2016__rbd
prom_soc6b_reg,Puntaje promedio regional en Ciencias Sociales (o equivalente),simce_6b_2016__region
prom_soc8b_deprov,Puntaje promedio DEPROV en Ciencias Sociales,simce_6b_2018_deprov
prom_soc8b_rbd,Puntaje promedio del establecimiento en Ciencias sociales,"simce_6b_2018_comuna, simce_6b_2018_rbd"
prom_soc8b_reg,Puntaje promedio regional en Ciencias Sociales,simce_6b_2018_region
rbd,Rol base de datos del establecimiento,"idps_2m_2016_idps2m, idps_2m_2017_idps2m, idps_2m_2018_idps2m, idps_2m_2022_dim_idps2m, idps_2m_2022_idps2m, idps_2m_2023_dim_idps2m, idps_2m_2023_idps2m, idps_2m_2023_idps2m_niveles_final, idps_2m_2024_dim_idps, idps_2m_2024_idps, idps_2m_2024_idps_niveles, idps_2m_2025_dim_idps, idps_2m_2025_idps, idps_2m_2025_idps_niveles, idps_4b_2016_idps4b, idps_4b_2017_idps4b, idps_4b_2018_idps4b, idps_4b_2022_dim_idps4b, idps_4b_2022_idps4b, idps_4b_2023_dim_idps4b, idps_4b_2023_idps4b, idps_4b_2023_idps4b_niveles_final, idps_4b_2024_dim_idps, idps_4b_2024_idps, idps_4b_2024_idps_niveles, idps_4b_2025_dim_idps, idps_4b_2025_idps, idps_4b_2025_idps_niveles, idps_6b_2016_idps6b, idps_6b_2018_idps6b, idps_6b_2024_dim_idps, idps_6b_2024_idps, idps_6b_2024_idps_niveles, idps_8b_2017_idps8b, idps_8b_2019_idps8b, idps_8b_2025_dim_idps, idps_8b_2025_idps, idps_8b_2025_idps_niveles, simce_2m_2016__rbd, simce_2m_2017_rbd, simce_2m_2018_rbd, simce_2m_2022__rbd, simce_2m_2023__rbd, simce_2m_2024__rbd, simce_2m_2025__rbd, simce_4b_2016__rbd, simce_4b_2017_rbd, simce_4b_2018_rbd, simce_4b_2022__rbd, simce_4b_2023__rbd, simce_4b_2024__rbd, simce_4b_2025__rbd, simce_6b_2016__rbd, simce_6b_2018_rbd, simce_6b_2024__rbd, simce_8b_2017_rbd, simce_8b_2025__rbd"
sdim,Subdimensión,"idps_2m_2023_idps2m_niveles_final, idps_2m_2024_idps_niveles, idps_4b_2023_idps4b_niveles_final, idps_4b_2024_idps_niveles, idps_6b_2024_idps_niveles"
sigdif,Indica si diferencia con la evaluación anterior es significativa,"idps_2m_2024_idps, idps_2m_2025_dim_idps, idps_2m_2025_idps, idps_4b_2024_idps, idps_4b_2025_dim_idps, idps_4b_2025_idps, idps_6b_2024_idps, idps_8b_2025_dim_idps, idps_8b_2025_idps"
sigdif_hist8b_com,Indica si diferencia respecto a la evaluación anterior en Historia es significativa,simce_8b_2025__comuna
sigdif_hist8b_deprov,Indica si diferencia respecto a la evaluación anterior en Historia es significativa,simce_8b_2025__deprov
sigdif_hist8b_rbd,Indica si diferencia con la evaluación anterior en Historia es significativa,simce_8b_2025__rbd
sigdif_hist8b_reg,Indica si diferencia respecto a la evaluación anterior en Historia es significativa,simce_8b_2025__region
sigdif_lect2m_com,Indica si diferencia respecto al año anterior en Lectura es significativa,"simce_2m_2016__comuna, simce_2m_2017_comuna, simce_2m_2018_comuna, simce_2m_2022__comuna, simce_2m_2023__comuna, simce_2m_2024__comuna, simce_2m_2025__comuna, simce_4b_2018_comuna"
sigdif_lect2m_deprov,Indica si diferencia respecto al año anterior en Lectura es significativa,"simce_2m_2016__deprov, simce_2m_2017_deprov, simce_2m_2018_deprov, simce_2m_2022__deprov, simce_2m_2023__deprov, simce_2m_2024__deprov, simce_2m_2025__deprov, simce_4b_2018_deprov"
sigdif_lect2m_rbd,Indica si diferencia con el año anterior en Lectura es significativa,"simce_2m_2016__rbd, simce_2m_2017_rbd, simce_2m_2018_rbd, simce_2m_2022__rbd, simce_2m_2023__rbd, simce_2m_2024__rbd, simce_2m_2025__rbd, simce_4b_2018_rbd"
sigdif_lect2m_reg,Indica si diferencia respecto al año anterior en Lectura es significativa,"simce_2m_2016__region, simce_2m_2017_región, simce_2m_2018_región, simce_2m_2022__region, simce_2m_2023__region, simce_2m_2024__region, simce_2m_2025__region, simce_4b_2018_región, simce_4b_2022__region, simce_4b_2023__region"
sigdif_lect4b_com,Indica si diferencia respecto al año anterior en Lectura es significativa,"simce_4b_2016__comuna, simce_4b_2017_comuna, simce_4b_2022__comuna, simce_4b_2023__comuna, simce_4b_2024__comuna, simce_4b_2025__comuna"
sigdif_lect4b_deprov,Indica si diferencia respecto al año anterior en Lectura es significativa,"simce_4b_2016__deprov, simce_4b_2017_deprov, simce_4b_2022__deprov, simce_4b_2023__deprov, simce_4b_2024__deprov, simce_4b_2025__deprov"
sigdif_lect4b_rbd,Indica si diferencia con el año anterior en Lectura es significativa,"simce_4b_2016__rbd, simce_4b_2017_rbd, simce_4b_2022__rbd, simce_4b_2023__rbd, simce_4b_2024__rbd, simce_4b_2025__rbd"
sigdif_lect4b_reg,Indica si diferencia respecto al año anterior en Lectura es significativa,"simce_4b_2016__region, simce_4b_2017_region, simce_4b_2024__region, simce_4b_2025__region"
sigdif_lect6b_com,Indica si diferencia respecto al año anterior en Lectura es significativa,"simce_6b_2016__comuna, simce_6b_2018_comuna, simce_6b_2024__comuna"
sigdif_lect6b_deprov,Indica si diferencia respecto al año anterior en Lectura es significativa,"simce_6b_2016__deprov, simce_6b_2018_deprov, simce_6b_2024__deprov"
sigdif_lect6b_rbd,Indica si diferencia con el año anterior en Lectura es significativa,"simce_6b_2016__rbd, simce_6b_2018_rbd, simce_6b_2024__rbd"
sigdif_lect6b_reg,Indica si diferencia respecto al año anterior en Lectura es significativa,"simce_6b_2016__region, simce_6b_2018_región, simce_6b_2024__region"
sigdif_lect8b_com,Indica si diferencia respecto al año anterior en Lectura es significativa,"simce_6b_2018_comuna, simce_8b_2017_comuna, simce_8b_2025__comuna"
sigdif_lect8b_deprov,Indica si diferencia respecto al año anterior en Lectura es significativa,"simce_6b_2018_deprov, simce_8b_2017_deprov, simce_8b_2025__deprov"
sigdif_lect8b_rbd,Indica si diferencia con el año anterior en Lectura es significativa,"simce_6b_2018_rbd, simce_8b_2017_rbd, simce_8b_2025__rbd"
sigdif_lect8b_reg,Indica si diferencia respecto al año anterior en Lectura es significativa,"simce_6b_2018_region, simce_8b_2017_region, simce_8b_2025__region"
sigdif_mate2m_com,Indica si diferencia respecto al año anterior en Matemática es significativa,"simce_2m_2016__comuna, simce_2m_2017_comuna, simce_2m_2018_comuna, simce_2m_2022__comuna, simce_2m_2023__comuna, simce_2m_2024__comuna, simce_2m_2025__comuna, simce_4b_2018_comuna"
sigdif_mate2m_deprov,Indica si diferencia respecto al año anterior en Matemática es significativa,"simce_2m_2016__deprov, simce_2m_2017_deprov, simce_2m_2018_deprov, simce_2m_2022__deprov, simce_2m_2023__deprov, simce_2m_2024__deprov, simce_2m_2025__deprov, simce_4b_2018_deprov"
sigdif_mate2m_rbd,Indica si diferencia con el año anterior en Matemática es significativa,"simce_2m_2016__rbd, simce_2m_2017_rbd, simce_2m_2018_rbd, simce_2m_2022__rbd, simce_2m_2023__rbd, simce_2m_2024__rbd, simce_2m_2025__rbd, simce_4b_2018_rbd"
sigdif_mate2m_reg,Indica si diferencia respecto al año anterior en Matemática es significativa,"simce_2m_2016__region, simce_2m_2017_región, simce_2m_2018_región, simce_2m_2022__region, simce_2m_2023__region, simce_2m_2024__region, simce_2m_2025__region, simce_4b_2018_región, simce_4b_2022__region, simce_4b_2023__region"
sigdif_mate4b_com,Indica si diferencia respecto al año anterior en Matemática es significativa,"simce_4b_2016__comuna, simce_4b_2017_comuna, simce_4b_2022__comuna, simce_4b_2023__comuna, simce_4b_2024__comuna, simce_4b_2025__comuna"
sigdif_mate4b_deprov,Indica si diferencia respecto al año anterior en Matemática es significativa,"simce_4b_2016__deprov, simce_4b_2017_deprov, simce_4b_2022__deprov, simce_4b_2023__deprov, simce_4b_2024__deprov, simce_4b_2025__deprov"
sigdif_mate4b_rbd,Indica si diferencia con el año anterior en Matemática es significativa,"simce_4b_2016__rbd, simce_4b_2017_rbd, simce_4b_2022__rbd, simce_4b_2023__rbd, simce_4b_2024__rbd, simce_4b_2025__rbd"
sigdif_mate4b_reg,Indica si diferencia respecto al año anterior en Matemática es significativa,"simce_4b_2016__region, simce_4b_2017_region, simce_4b_2024__region, simce_4b_2025__region"
sigdif_mate6b_com,Indica si diferencia respecto al año anterior en Matemática es significativa,"simce_6b_2016__comuna, simce_6b_2018_comuna, simce_6b_2024__comuna"
sigdif_mate6b_deprov,Indica si diferencia respecto al año anterior en Matemática es significativa,"simce_6b_2016__deprov, simce_6b_2018_deprov, simce_6b_2024__deprov"
sigdif_mate6b_rbd,Indica si diferencia con el año anterior en Matemática es significativa,"simce_6b_2016__rbd, simce_6b_2018_rbd, simce_6b_2024__rbd"
sigdif_mate6b_reg,Indica si diferencia respecto al año anterior en Matemática es significativa,"simce_6b_2016__region, simce_6b_2018_región, simce_6b_2024__region"
sigdif_mate8b_com,Indica si diferencia respecto al año anterior en Matemática es significativa,"simce_6b_2018_comuna, simce_8b_2017_comuna, simce_8b_2025__comuna"
sigdif_mate8b_deprov,Indica si diferencia respecto al año anterior en Matemática es significativa,"simce_6b_2018_deprov, simce_8b_2017_deprov, simce_8b_2025__deprov"
sigdif_mate8b_rbd,Indica si diferencia con el año anterior en Matemática es significativa,"simce_6b_2018_rbd, simce_8b_2017_rbd, simce_8b_2025__rbd"
sigdif_mate8b_reg,Indica si diferencia respecto al año anterior en Matemática es significativa,"simce_6b_2018_region, simce_8b_2017_region, simce_8b_2025__region"
sigdif_nat2m_com,Indica si diferencia respecto al año anterior en Ciencias naturales es significa,simce_2m_2016__comuna
sigdif_nat2m_deprov,Indica si diferencia respecto al año anterior en Ciencias Naturales es significa,simce_2m_2016__deprov
sigdif_nat2m_rbd,Indica si diferencia con el año anterior en Ciencias Naturales es significativa,simce_2m_2016__rbd
sigdif_nat2m_reg,Indica si diferencia respecto al año anterior en Ciencias Naturales es significa,simce_2m_2016__region
sigdif_nat6b_com,Indica si diferencia respecto al año anterior en Ciencias Sociales es significativa,simce_6b_2018_comuna
sigdif_nat6b_deprov,Indica si diferencia respecto al año anterior en Ciencias Sociales es significativa,simce_6b_2018_deprov
sigdif_nat6b_rbd,Indica si diferencia con el año anterior en Ciencias Sociales es significativa,simce_6b_2018_rbd
sigdif_nat6b_reg,Indica si diferencia respecto al año anterior en Ciencias Sociales es significativa,simce_6b_2018_región
sigdif_nat8b_com,Indica si diferencia respecto al año anterior enCiencias Naturales es significativa,simce_8b_2017_comuna
sigdif_nat8b_deprov,Indica si diferencia respecto al año anterior en Ciencias Naturales es significativa,simce_8b_2017_deprov
sigdif_nat8b_rbd,Indica si diferencia con el año anterior en Ciencias naturales es significativa,simce_8b_2017_rbd
sigdif_nat8b_reg,Indica si diferencia respecto al año anterior enCiencias Naturales es significativa,simce_8b_2017_region
sigdif_soc2m_com,Indica si diferencia respecto al año anterior en Ciencias Sociales es significativa,"simce_2m_2017_comuna, simce_2m_2018_comuna"
sigdif_soc2m_deprov,Indica si diferencia respecto al año anterior en Ciencias Sociales es significativa,"simce_2m_2017_deprov, simce_2m_2018_deprov"
sigdif_soc2m_rbd,Indica si diferencia con el año anterior en Ciencias Sociales es significativa,"simce_2m_2017_rbd, simce_2m_2018_rbd"
sigdif_soc2m_reg,Indica si diferencia respecto al año anterior en Ciencias Sociales es significativa,"simce_2m_2017_región, simce_2m_2018_región"
sigdif_soc6b_com,Indica si diferencia respecto al año anterior en Ciencias Sociales es significat,simce_6b_2016__comuna
sigdif_soc6b_deprov,Indica si diferencia respecto al año anterior en Ciencias Sociales es significat,simce_6b_2016__deprov
sigdif_soc6b_rbd,Indica si diferencia con el año anterior en Ciencias Sociales es significativa,simce_6b_2016__rbd
sigdif_soc6b_reg,Indica si diferencia respecto al año anterior en Ciencias Sociales es significat,simce_6b_2016__region
sigdif_soc8b_com,Indica si diferencia respecto al año anterior en Ciencias Sociales es significativa,simce_6b_2018_comuna
sigdif_soc8b_deprov,Indica si diferencia respecto al año anterior en Ciencias Sociales es significativa,simce_6b_2018_deprov
sigdif_soc8b_rbd,Indica si diferencia con el año anterior en Ciencias sociales es significativa,simce_6b_2018_rbd
sigdif_soc8b_reg,Indica si diferencia respecto al año anterior en Ciencias Sociales es significativa,simce_6b_2018_region
sigdifgru,Indica si diferencia con el mismo GSE es significativa,"idps_2m_2024_idps, idps_2m_2025_idps, idps_4b_2024_idps, idps_4b_2025_idps, idps_6b_2024_idps, idps_8b_2025_idps"
siggru_hist8b_rbd,Indica si diferencia con el mismo GSE en Historia es significativa,simce_8b_2025__rbd
siggru_lect2m_rbd,Indica si diferencia con el mismo GSE en Lectura es significativa,"simce_2m_2016__rbd, simce_2m_2017_rbd, simce_2m_2018_rbd, simce_2m_2022__rbd, simce_2m_2023__rbd, simce_2m_2024__rbd, simce_2m_2025__rbd, simce_4b_2018_rbd"
siggru_lect4b_rbd,Indica si diferencia con el mismo GSE en Lectura es significativa,"simce_4b_2016__rbd, simce_4b_2017_rbd, simce_4b_2022__rbd, simce_4b_2023__rbd, simce_4b_2024__rbd, simce_4b_2025__rbd"
siggru_lect6b_rbd,Indica si diferencia con el mismo GSE en Lectura es significativa,"simce_6b_2016__rbd, simce_6b_2018_rbd, simce_6b_2024__rbd"
siggru_lect8b_rbd,Indica si diferencia con el mismo GSE en Lectura es significativa,"simce_6b_2018_rbd, simce_8b_2017_rbd, simce_8b_2025__rbd"
siggru_mate2m_rbd,Indica si diferencia con el mismo GSE en Matemática es significativa,"simce_2m_2016__rbd, simce_2m_2017_rbd, simce_2m_2018_rbd, simce_2m_2022__rbd, simce_2m_2023__rbd, simce_2m_2024__rbd, simce_2m_2025__rbd, simce_4b_2018_rbd"
siggru_mate4b_rbd,Indica si diferencia con el mismo GSE en Matemática es significativa,"simce_4b_2016__rbd, simce_4b_2017_rbd, simce_4b_2022__rbd, simce_4b_2023__rbd, simce_4b_2024__rbd, simce_4b_2025__rbd"
siggru_mate6b_rbd,Indica si diferencia con el mismo GSE en Matemática es significativa,"simce_6b_2016__rbd, simce_6b_2018_rbd, simce_6b_2024__rbd"
siggru_mate8b_rbd,Indica si diferencia con el mismo GSE en Matemática es significativa,"simce_6b_2018_rbd, simce_8b_2017_rbd, simce_8b_2025__rbd"
siggru_nat2m_rbd,Indica si diferencia con el mismo GSE en Ciencias Naturales es significativa,simce_2m_2016__rbd
siggru_nat6b_rbd,Indica si diferencia con el mismo GSE en Ciencias Sociales es significativa,simce_6b_2018_rbd
siggru_nat8b_rbd,Indica si diferencia con el mismo GSE en Ciencias naturales es significativa,simce_8b_2017_rbd
siggru_soc2m_rbd,Indica si diferencia con el mismo GSE en Ciencias Sociales es significativa,"simce_2m_2017_rbd, simce_2m_2018_rbd"
siggru_soc6b_rbd,Indica si diferencia con el mismo GSE en Ciencias Sociales es significativa,simce_6b_2016__rbd
siggru_soc8b_rbd,Indica si diferencia con el mismo GSE en Ciencias sociales es significativa,simce_6b_2018_rbd
